{"notification":{},"meta":{"code":200,"requestId":"0028f06a-654e-4859-a1da-e4c287ed32d0"},"data":{"id":10005,"price":1495,"discountedPrice":1495,"styleType":"P","productTypeId":2,"articleNumber":"419330-040","visualTag":"","productDisplayName":"Nike Men As Ss Trainin Blue T-Shirts","variantName":"AS SS TRAININ","myntraRating":1,"catalogAddDate":1461658417,"brandName":"Nike","ageGroup":"Adults-Men","gender":"Men","baseColour":"Blue","colour1":"Black","colour2":"NA","fashionType":"Fashion","season":"Fall","year":"2011","usage":"Sports","vat":5.5,"displayCategories":"Sports Wear","weight":"0","navigationId":0,"landingPageUrl":"Tshirts/Nike/Nike-Men-As-Ss-Trainin-Blue-T-Shirts/10005/buy","articleAttributes":{"Fit":"Regular Fit","Pattern":"Solid","Body or Garment Size":"Garment Measurements in","Sleeve Length":"Short Sleeves","Neck":"Round Neck","Fabric":"Synthetic"},"crossLinks":[{"key":"More Tshirts by Nike","value":"tshirts?f=brand:Nike::gender:men"},{"key":"More Blue Tshirts","value":"tshirts?f=colour:Blue::gender:men"},{"key":"More Tshirts","value":"tshirts?f=gender:men"}],"brandUserProfile":{"uidx":"6d415071.a389.472b.b5b6.c93d864afbeacs6IMuPv9K","bio":"Nike, creating experiences for today’s athlete","name":"NIKE","image":"http://assets.myntassets.com/v1/assets/banners/2015/6/26/1435317851398-23197-3chxv6.jpg","publicProfileId":"nikeindia","tagsMap":"{\"roles\":[],\"labels\":[],\"myntraVerified\":true,\"invited\":true,\"brandUrl\":\"/nike\"}"},"codEnabled":true,"styleImages":{"default":{"imageURL":"http://assets.myntassets.com/v1/images/style/properties/5dc5a3265be8eeefdbd7c06e43ff6cb9_images.jpg","resolutions":{"1080X1440Xmini":"http://assets.myntassets.com/h_1440,q_95,w_1080/v1/images/style/properties/5dc5a3265be8eeefdbd7c06e43ff6cb9_images_mini.jpg","48X64":"http://assets.myntassets.com/h_64,q_95,w_48/v1/images/style/properties/5dc5a3265be8eeefdbd7c06e43ff6cb9_images.jpg","1080X1440":"http://assets.myntassets.com/h_1440,q_95,w_1080/v1/images/style/properties/5dc5a3265be8eeefdbd7c06e43ff6cb9_images.jpg","150X200":"http://assets.myntassets.com/h_200,q_95,w_150/v1/images/style/properties/5dc5a3265be8eeefdbd7c06e43ff6cb9_images.jpg","360X480":"http://assets.myntassets.com/h_480,q_95,w_360/v1/images/style/properties/5dc5a3265be8eeefdbd7c06e43ff6cb9_images.jpg","180X240":"http://assets.myntassets.com/h_240,q_95,w_180/v1/images/style/properties/5dc5a3265be8eeefdbd7c06e43ff6cb9_images.jpg","360X480Xmini":"http://assets.myntassets.com/h_480,q_95,w_360/v1/images/style/properties/5dc5a3265be8eeefdbd7c06e43ff6cb9_images_mini.jpg","180X240Xmini":"http://assets.myntassets.com/h_240,q_95,w_180/v1/images/style/properties/5dc5a3265be8eeefdbd7c06e43ff6cb9_images_mini.jpg","150X200Xmini":"http://assets.myntassets.com/h_200,q_95,w_150/v1/images/style/properties/5dc5a3265be8eeefdbd7c06e43ff6cb9_images_mini.jpg","48X64Xmini":"http://assets.myntassets.com/h_64,q_95,w_48/v1/images/style/properties/5dc5a3265be8eeefdbd7c06e43ff6cb9_images_mini.jpg","125X161":"http://assets.myntassets.com/h_161,q_95,w_125/v1/images/style/properties/5dc5a3265be8eeefdbd7c06e43ff6cb9_images.jpg","125X161Xmini":"http://assets.myntassets.com/h_161,q_95,w_125/v1/images/style/properties/5dc5a3265be8eeefdbd7c06e43ff6cb9_images_mini.jpg"},"imageType":"default"},"size_representation":"http://assets.myntassets.com/assets/images/sizechart/2016/12/14/11481690842463-Tshirts_men.png","search":{"imageURL":"http://assets.myntassets.com/v1/images/style/properties/5dc5a3265be8eeefdbd7c06e43ff6cb9_images.jpg","resolutions":{"1080X1440Xmini":"http://assets.myntassets.com/h_1440,q_95,w_1080/v1/images/style/properties/5dc5a3265be8eeefdbd7c06e43ff6cb9_images_mini.jpg","48X64":"http://assets.myntassets.com/h_64,q_95,w_48/v1/images/style/properties/5dc5a3265be8eeefdbd7c06e43ff6cb9_images.jpg","1080X1440":"http://assets.myntassets.com/h_1440,q_95,w_1080/v1/images/style/properties/5dc5a3265be8eeefdbd7c06e43ff6cb9_images.jpg","150X200":"http://assets.myntassets.com/h_200,q_95,w_150/v1/images/style/properties/5dc5a3265be8eeefdbd7c06e43ff6cb9_images.jpg","360X480":"http://assets.myntassets.com/h_480,q_95,w_360/v1/images/style/properties/5dc5a3265be8eeefdbd7c06e43ff6cb9_images.jpg","180X240":"http://assets.myntassets.com/h_240,q_95,w_180/v1/images/style/properties/5dc5a3265be8eeefdbd7c06e43ff6cb9_images.jpg","360X480Xmini":"http://assets.myntassets.com/h_480,q_95,w_360/v1/images/style/properties/5dc5a3265be8eeefdbd7c06e43ff6cb9_images_mini.jpg","180X240Xmini":"http://assets.myntassets.com/h_240,q_95,w_180/v1/images/style/properties/5dc5a3265be8eeefdbd7c06e43ff6cb9_images_mini.jpg","150X200Xmini":"http://assets.myntassets.com/h_200,q_95,w_150/v1/images/style/properties/5dc5a3265be8eeefdbd7c06e43ff6cb9_images_mini.jpg","48X64Xmini":"http://assets.myntassets.com/h_64,q_95,w_48/v1/images/style/properties/5dc5a3265be8eeefdbd7c06e43ff6cb9_images_mini.jpg","125X161":"http://assets.myntassets.com/h_161,q_95,w_125/v1/images/style/properties/5dc5a3265be8eeefdbd7c06e43ff6cb9_images.jpg","125X161Xmini":"http://assets.myntassets.com/h_161,q_95,w_125/v1/images/style/properties/5dc5a3265be8eeefdbd7c06e43ff6cb9_images_mini.jpg"},"imageType":"search"},"back":{"imageURL":"http://assets.myntassets.com/v1/images/style/properties/04f5e82fe554e03a06d3d2c38b46cc35_images.jpg","resolutions":{"1080X1440Xmini":"http://assets.myntassets.com/h_1440,q_95,w_1080/v1/images/style/properties/04f5e82fe554e03a06d3d2c38b46cc35_images_mini.jpg","48X64":"http://assets.myntassets.com/h_64,q_95,w_48/v1/images/style/properties/04f5e82fe554e03a06d3d2c38b46cc35_images.jpg","1080X1440":"http://assets.myntassets.com/h_1440,q_95,w_1080/v1/images/style/properties/04f5e82fe554e03a06d3d2c38b46cc35_images.jpg","150X200":"http://assets.myntassets.com/h_200,q_95,w_150/v1/images/style/properties/04f5e82fe554e03a06d3d2c38b46cc35_images.jpg","360X480":"http://assets.myntassets.com/h_480,q_95,w_360/v1/images/style/properties/04f5e82fe554e03a06d3d2c38b46cc35_images.jpg","180X240":"http://assets.myntassets.com/h_240,q_95,w_180/v1/images/style/properties/04f5e82fe554e03a06d3d2c38b46cc35_images.jpg","360X480Xmini":"http://assets.myntassets.com/h_480,q_95,w_360/v1/images/style/properties/04f5e82fe554e03a06d3d2c38b46cc35_images_mini.jpg","180X240Xmini":"http://assets.myntassets.com/h_240,q_95,w_180/v1/images/style/properties/04f5e82fe554e03a06d3d2c38b46cc35_images_mini.jpg","150X200Xmini":"http://assets.myntassets.com/h_200,q_95,w_150/v1/images/style/properties/04f5e82fe554e03a06d3d2c38b46cc35_images_mini.jpg","48X64Xmini":"http://assets.myntassets.com/h_64,q_95,w_48/v1/images/style/properties/04f5e82fe554e03a06d3d2c38b46cc35_images_mini.jpg","125X161":"http://assets.myntassets.com/h_161,q_95,w_125/v1/images/style/properties/04f5e82fe554e03a06d3d2c38b46cc35_images.jpg","125X161Xmini":"http://assets.myntassets.com/h_161,q_95,w_125/v1/images/style/properties/04f5e82fe554e03a06d3d2c38b46cc35_images_mini.jpg"},"imageType":"back"},"left":{"imageURL":"http://assets.myntassets.com/v1/images/style/properties/8962f7c6cc69bded07edb1c4493e9bba_images.jpg","resolutions":{"1080X1440Xmini":"http://assets.myntassets.com/h_1440,q_95,w_1080/v1/images/style/properties/8962f7c6cc69bded07edb1c4493e9bba_images_mini.jpg","48X64":"http://assets.myntassets.com/h_64,q_95,w_48/v1/images/style/properties/8962f7c6cc69bded07edb1c4493e9bba_images.jpg","1080X1440":"http://assets.myntassets.com/h_1440,q_95,w_1080/v1/images/style/properties/8962f7c6cc69bded07edb1c4493e9bba_images.jpg","150X200":"http://assets.myntassets.com/h_200,q_95,w_150/v1/images/style/properties/8962f7c6cc69bded07edb1c4493e9bba_images.jpg","360X480":"http://assets.myntassets.com/h_480,q_95,w_360/v1/images/style/properties/8962f7c6cc69bded07edb1c4493e9bba_images.jpg","180X240":"http://assets.myntassets.com/h_240,q_95,w_180/v1/images/style/properties/8962f7c6cc69bded07edb1c4493e9bba_images.jpg","360X480Xmini":"http://assets.myntassets.com/h_480,q_95,w_360/v1/images/style/properties/8962f7c6cc69bded07edb1c4493e9bba_images_mini.jpg","180X240Xmini":"http://assets.myntassets.com/h_240,q_95,w_180/v1/images/style/properties/8962f7c6cc69bded07edb1c4493e9bba_images_mini.jpg","150X200Xmini":"http://assets.myntassets.com/h_200,q_95,w_150/v1/images/style/properties/8962f7c6cc69bded07edb1c4493e9bba_images_mini.jpg","48X64Xmini":"http://assets.myntassets.com/h_64,q_95,w_48/v1/images/style/properties/8962f7c6cc69bded07edb1c4493e9bba_images_mini.jpg","125X161":"http://assets.myntassets.com/h_161,q_95,w_125/v1/images/style/properties/8962f7c6cc69bded07edb1c4493e9bba_images.jpg","125X161Xmini":"http://assets.myntassets.com/h_161,q_95,w_125/v1/images/style/properties/8962f7c6cc69bded07edb1c4493e9bba_images_mini.jpg"},"imageType":"left"},"front":{"imageURL":"http://assets.myntassets.com/v1/images/style/properties/ff7b4e9d7e829bb9cf6ea5ef404ee091_images.jpg","resolutions":{"1080X1440Xmini":"http://assets.myntassets.com/h_1440,q_95,w_1080/v1/images/style/properties/ff7b4e9d7e829bb9cf6ea5ef404ee091_images_mini.jpg","48X64":"http://assets.myntassets.com/h_64,q_95,w_48/v1/images/style/properties/ff7b4e9d7e829bb9cf6ea5ef404ee091_images.jpg","1080X1440":"http://assets.myntassets.com/h_1440,q_95,w_1080/v1/images/style/properties/ff7b4e9d7e829bb9cf6ea5ef404ee091_images.jpg","150X200":"http://assets.myntassets.com/h_200,q_95,w_150/v1/images/style/properties/ff7b4e9d7e829bb9cf6ea5ef404ee091_images.jpg","360X480":"http://assets.myntassets.com/h_480,q_95,w_360/v1/images/style/properties/ff7b4e9d7e829bb9cf6ea5ef404ee091_images.jpg","180X240":"http://assets.myntassets.com/h_240,q_95,w_180/v1/images/style/properties/ff7b4e9d7e829bb9cf6ea5ef404ee091_images.jpg","360X480Xmini":"http://assets.myntassets.com/h_480,q_95,w_360/v1/images/style/properties/ff7b4e9d7e829bb9cf6ea5ef404ee091_images_mini.jpg","180X240Xmini":"http://assets.myntassets.com/h_240,q_95,w_180/v1/images/style/properties/ff7b4e9d7e829bb9cf6ea5ef404ee091_images_mini.jpg","150X200Xmini":"http://assets.myntassets.com/h_200,q_95,w_150/v1/images/style/properties/ff7b4e9d7e829bb9cf6ea5ef404ee091_images_mini.jpg","48X64Xmini":"http://assets.myntassets.com/h_64,q_95,w_48/v1/images/style/properties/ff7b4e9d7e829bb9cf6ea5ef404ee091_images_mini.jpg","125X161":"http://assets.myntassets.com/h_161,q_95,w_125/v1/images/style/properties/ff7b4e9d7e829bb9cf6ea5ef404ee091_images.jpg","125X161Xmini":"http://assets.myntassets.com/h_161,q_95,w_125/v1/images/style/properties/ff7b4e9d7e829bb9cf6ea5ef404ee091_images_mini.jpg"},"imageType":"front"},"right":{"imageURL":"http://assets.myntassets.com/v1/images/style/properties/515d972c91f17f9cdbcb1aa417d02d48_images.jpg","resolutions":{"1080X1440Xmini":"http://assets.myntassets.com/h_1440,q_95,w_1080/v1/images/style/properties/515d972c91f17f9cdbcb1aa417d02d48_images_mini.jpg","48X64":"http://assets.myntassets.com/h_64,q_95,w_48/v1/images/style/properties/515d972c91f17f9cdbcb1aa417d02d48_images.jpg","1080X1440":"http://assets.myntassets.com/h_1440,q_95,w_1080/v1/images/style/properties/515d972c91f17f9cdbcb1aa417d02d48_images.jpg","150X200":"http://assets.myntassets.com/h_200,q_95,w_150/v1/images/style/properties/515d972c91f17f9cdbcb1aa417d02d48_images.jpg","360X480":"http://assets.myntassets.com/h_480,q_95,w_360/v1/images/style/properties/515d972c91f17f9cdbcb1aa417d02d48_images.jpg","180X240":"http://assets.myntassets.com/h_240,q_95,w_180/v1/images/style/properties/515d972c91f17f9cdbcb1aa417d02d48_images.jpg","360X480Xmini":"http://assets.myntassets.com/h_480,q_95,w_360/v1/images/style/properties/515d972c91f17f9cdbcb1aa417d02d48_images_mini.jpg","180X240Xmini":"http://assets.myntassets.com/h_240,q_95,w_180/v1/images/style/properties/515d972c91f17f9cdbcb1aa417d02d48_images_mini.jpg","150X200Xmini":"http://assets.myntassets.com/h_200,q_95,w_150/v1/images/style/properties/515d972c91f17f9cdbcb1aa417d02d48_images_mini.jpg","48X64Xmini":"http://assets.myntassets.com/h_64,q_95,w_48/v1/images/style/properties/515d972c91f17f9cdbcb1aa417d02d48_images_mini.jpg","125X161":"http://assets.myntassets.com/h_161,q_95,w_125/v1/images/style/properties/515d972c91f17f9cdbcb1aa417d02d48_images.jpg","125X161Xmini":"http://assets.myntassets.com/h_161,q_95,w_125/v1/images/style/properties/515d972c91f17f9cdbcb1aa417d02d48_images_mini.jpg"},"imageType":"right"}},"lookGoodAlbum":{},"style360Images":{},"masterCategory":{"id":9,"typeName":"Apparel","active":true,"socialSharingEnabled":true,"isReturnable":true,"isExchangeable":true,"pickupEnabled":true,"isTryAndBuyEnabled":true},"subCategory":{"id":31,"typeName":"Topwear","active":true,"socialSharingEnabled":true,"isReturnable":true,"isExchangeable":true,"pickupEnabled":true,"isTryAndBuyEnabled":true},"articleType":{"id":90,"typeName":"Tshirts","active":true,"socialSharingEnabled":true,"isReturnable":true,"isExchangeable":true,"pickupEnabled":true,"isTryAndBuyEnabled":true,"isMyntsEnabled":true,"serviceabilityDisclaimer":{"title":"","desc":""}},"isEMIEnabled":true,"otherFlags":[{"dataType":"BOOLEAN","name":"isFragile","value":"false"},{"dataType":"BOOLEAN","name":"isTryAndBuyEnabled","value":"true"},{"dataType":"BOOLEAN","name":"isHazmat","value":"false"},{"dataType":"BOOLEAN","name":"isJewellery","value":"false"},{"dataType":"BOOLEAN","name":"isReturnable","value":"true"},{"dataType":"BOOLEAN","name":"isExchangeable","value":"true"},{"dataType":"BOOLEAN","name":"active","value":"true"},{"dataType":"BOOLEAN","name":"socialSharingEnabled","value":"true"},{"dataType":"BOOLEAN","name":"pickupEnabled","value":"true"},{"dataType":"BOOLEAN","name":"isLarge","value":"false"},{"dataType":"BOOLEAN","name":"codEnabled","value":"true"}],"articleDisplayAttr":{"id":90,"core":{"order":"0","display":"2","pdtDetail":"1","pdtDeliveryOptions":"2","pdtSimilar":"2","pdtLike":"2"},"social":{"order":"1","display":"2","userLikes":"1","styleNotes":"2","crossSell":"1"},"explore":{"display":"2","crosslink":"1","similar":"1","order":"2"}},"productDescriptors":{"description":{"descriptorType":"description","value":"<p style=\"text-align: justify;\"><strong>Composition</strong><br />Blue T-shirt made of 100% polyester Dri-Fit fabric, has a round neck, short raglan sleeves, black panel on the front with diagonal grey mesh panel and blue panel towards the hemline, mesh panels on the sides, printed seal on the upper back neck and printed swoosh logo on the upper right chest <br /><br /><strong>Fitting</strong><br />Regular<br /><br /><strong>Wash care</strong><br />Machine wash cold with like colours<br />Do not bleach <br />Tumble dry on low<br />Cool iron only<br />Do not dry clean<br />Do not iron on print or embroidery<br /><br />Take your training to the next level in this blue T-shirt from nike. The mesh Dri-Fit fabric pulls sweat away from the skin to help keep you cool and comfortable, while the sporty design with the raglan sleeves gives an added edge. Team this with track pants and performance shoes so that you can train longer and better.</p>"}},"styleOptions":[{"id":39018,"name":"Size","value":"S","unifiedSize":"S","unifiedSizeValue":"S","unifiedSizeScale":"","allSize":"S","skuId":47361,"skuAvailabilityDetailMap":{},"warehouseIdToItemCountMap":{},"inventoryCount":0,"available":false,"active":true},{"id":39019,"name":"Size","value":"M","unifiedSize":"M","unifiedSizeValue":"M","unifiedSizeScale":"","allSize":"M","skuId":47362,"skuAvailabilityDetailMap":{},"warehouseIdToItemCountMap":{},"inventoryCount":0,"available":false,"active":true},{"id":39020,"name":"Size","value":"L","unifiedSize":"L","unifiedSizeValue":"L","unifiedSizeScale":"","allSize":"L","skuId":47363,"skuAvailabilityDetailMap":{},"warehouseIdToItemCountMap":{},"inventoryCount":0,"available":false,"active":true},{"id":39021,"name":"Size","value":"XL","unifiedSize":"XL","unifiedSizeValue":"XL","unifiedSizeScale":"","allSize":"XL","skuId":47364,"skuAvailabilityDetailMap":{},"warehouseIdToItemCountMap":{},"inventoryCount":0,"available":false,"active":true},{"id":39022,"name":"Size","value":"XXL","unifiedSize":"XXL","unifiedSizeValue":"XXL","unifiedSizeScale":"","allSize":"XXL","skuId":47365,"skuAvailabilityDetailMap":{},"warehouseIdToItemCountMap":{},"inventoryCount":0,"available":false,"active":true}]}}