{"notification":{},"meta":{"code":200,"requestId":"d6a4bff4-f2e7-4bf8-884e-71e92038da17"},"data":{"id":10002,"price":549,"discountedPrice":274,"styleType":"DEL","productTypeId":304,"articleNumber":"132215584945 8300","visualTag":"","productDisplayName":"Palm Tree Kids Sp Jema Skt Blue Skirts","variantName":"SP JEMA SKT","myntraRating":1,"catalogAddDate":1418330925,"brandName":"Palm Tree","ageGroup":"Kids-Girls","gender":"Women","baseColour":"Blue","colour1":"NA","colour2":"NA","fashionType":"Fashion","season":"Summer","year":"2011","usage":"Casual","vat":5.5,"displayCategories":"Bottomwear,Casual Wear and Clearance,Casual Wear,Sale","weight":"0","navigationId":0,"landingPageUrl":"Skirts/Palm-Tree/Palm-Tree-Kids-Sp-Jema-Skt-Blue-Skirts/10002/buy","articleAttributes":{"Pattern":"Printed","Body or Garment Size":"To-Fit Denotes Body Measurements in"},"crossLinks":[{"key":"More Skirts by Palm Tree","value":"skirts?f=brand:Palm Tree::gender:women"},{"key":"More Blue Skirts","value":"skirts?f=colour:Blue::gender:women"},{"key":"More Skirts","value":"skirts?f=gender:women"}],"brandUserProfile":{},"codEnabled":true,"styleImages":{"default":{"imageURL":"http://assets.myntassets.com/v1/images/style/properties/787b1a9dd9abb5279976bac35ab78c2d_images.jpg","resolutions":{"1080X1440Xmini":"http://assets.myntassets.com/h_1440,q_95,w_1080/v1/images/style/properties/787b1a9dd9abb5279976bac35ab78c2d_images_mini.jpg","48X64":"http://assets.myntassets.com/h_64,q_95,w_48/v1/images/style/properties/787b1a9dd9abb5279976bac35ab78c2d_images.jpg","1080X1440":"http://assets.myntassets.com/h_1440,q_95,w_1080/v1/images/style/properties/787b1a9dd9abb5279976bac35ab78c2d_images.jpg","150X200":"http://assets.myntassets.com/h_200,q_95,w_150/v1/images/style/properties/787b1a9dd9abb5279976bac35ab78c2d_images.jpg","360X480":"http://assets.myntassets.com/h_480,q_95,w_360/v1/images/style/properties/787b1a9dd9abb5279976bac35ab78c2d_images.jpg","180X240":"http://assets.myntassets.com/h_240,q_95,w_180/v1/images/style/properties/787b1a9dd9abb5279976bac35ab78c2d_images.jpg","360X480Xmini":"http://assets.myntassets.com/h_480,q_95,w_360/v1/images/style/properties/787b1a9dd9abb5279976bac35ab78c2d_images_mini.jpg","180X240Xmini":"http://assets.myntassets.com/h_240,q_95,w_180/v1/images/style/properties/787b1a9dd9abb5279976bac35ab78c2d_images_mini.jpg","150X200Xmini":"http://assets.myntassets.com/h_200,q_95,w_150/v1/images/style/properties/787b1a9dd9abb5279976bac35ab78c2d_images_mini.jpg","48X64Xmini":"http://assets.myntassets.com/h_64,q_95,w_48/v1/images/style/properties/787b1a9dd9abb5279976bac35ab78c2d_images_mini.jpg","125X161":"http://assets.myntassets.com/h_161,q_95,w_125/v1/images/style/properties/787b1a9dd9abb5279976bac35ab78c2d_images.jpg","125X161Xmini":"http://assets.myntassets.com/h_161,q_95,w_125/v1/images/style/properties/787b1a9dd9abb5279976bac35ab78c2d_images_mini.jpg"},"imageType":"default"},"size_representation":"http://myntra.myntassets.com/images/style/sizechartimages/3f5b0b930b3ca5a04fdba024bd2386c8.jpg","search":{"imageURL":"http://assets.myntassets.com/v1/images/style/properties/787b1a9dd9abb5279976bac35ab78c2d_images.jpg","resolutions":{"1080X1440Xmini":"http://assets.myntassets.com/h_1440,q_95,w_1080/v1/images/style/properties/787b1a9dd9abb5279976bac35ab78c2d_images_mini.jpg","48X64":"http://assets.myntassets.com/h_64,q_95,w_48/v1/images/style/properties/787b1a9dd9abb5279976bac35ab78c2d_images.jpg","1080X1440":"http://assets.myntassets.com/h_1440,q_95,w_1080/v1/images/style/properties/787b1a9dd9abb5279976bac35ab78c2d_images.jpg","150X200":"http://assets.myntassets.com/h_200,q_95,w_150/v1/images/style/properties/787b1a9dd9abb5279976bac35ab78c2d_images.jpg","360X480":"http://assets.myntassets.com/h_480,q_95,w_360/v1/images/style/properties/787b1a9dd9abb5279976bac35ab78c2d_images.jpg","180X240":"http://assets.myntassets.com/h_240,q_95,w_180/v1/images/style/properties/787b1a9dd9abb5279976bac35ab78c2d_images.jpg","360X480Xmini":"http://assets.myntassets.com/h_480,q_95,w_360/v1/images/style/properties/787b1a9dd9abb5279976bac35ab78c2d_images_mini.jpg","180X240Xmini":"http://assets.myntassets.com/h_240,q_95,w_180/v1/images/style/properties/787b1a9dd9abb5279976bac35ab78c2d_images_mini.jpg","150X200Xmini":"http://assets.myntassets.com/h_200,q_95,w_150/v1/images/style/properties/787b1a9dd9abb5279976bac35ab78c2d_images_mini.jpg","48X64Xmini":"http://assets.myntassets.com/h_64,q_95,w_48/v1/images/style/properties/787b1a9dd9abb5279976bac35ab78c2d_images_mini.jpg","125X161":"http://assets.myntassets.com/h_161,q_95,w_125/v1/images/style/properties/787b1a9dd9abb5279976bac35ab78c2d_images.jpg","125X161Xmini":"http://assets.myntassets.com/h_161,q_95,w_125/v1/images/style/properties/787b1a9dd9abb5279976bac35ab78c2d_images_mini.jpg"},"imageType":"search"},"back":{"imageURL":"http://assets.myntassets.com/v1/images/style/properties/9d9d3c9ddb15fc23e4bb837273841108_images.jpg","resolutions":{"1080X1440Xmini":"http://assets.myntassets.com/h_1440,q_95,w_1080/v1/images/style/properties/9d9d3c9ddb15fc23e4bb837273841108_images_mini.jpg","48X64":"http://assets.myntassets.com/h_64,q_95,w_48/v1/images/style/properties/9d9d3c9ddb15fc23e4bb837273841108_images.jpg","1080X1440":"http://assets.myntassets.com/h_1440,q_95,w_1080/v1/images/style/properties/9d9d3c9ddb15fc23e4bb837273841108_images.jpg","150X200":"http://assets.myntassets.com/h_200,q_95,w_150/v1/images/style/properties/9d9d3c9ddb15fc23e4bb837273841108_images.jpg","360X480":"http://assets.myntassets.com/h_480,q_95,w_360/v1/images/style/properties/9d9d3c9ddb15fc23e4bb837273841108_images.jpg","180X240":"http://assets.myntassets.com/h_240,q_95,w_180/v1/images/style/properties/9d9d3c9ddb15fc23e4bb837273841108_images.jpg","360X480Xmini":"http://assets.myntassets.com/h_480,q_95,w_360/v1/images/style/properties/9d9d3c9ddb15fc23e4bb837273841108_images_mini.jpg","180X240Xmini":"http://assets.myntassets.com/h_240,q_95,w_180/v1/images/style/properties/9d9d3c9ddb15fc23e4bb837273841108_images_mini.jpg","150X200Xmini":"http://assets.myntassets.com/h_200,q_95,w_150/v1/images/style/properties/9d9d3c9ddb15fc23e4bb837273841108_images_mini.jpg","48X64Xmini":"http://assets.myntassets.com/h_64,q_95,w_48/v1/images/style/properties/9d9d3c9ddb15fc23e4bb837273841108_images_mini.jpg","125X161":"http://assets.myntassets.com/h_161,q_95,w_125/v1/images/style/properties/9d9d3c9ddb15fc23e4bb837273841108_images.jpg","125X161Xmini":"http://assets.myntassets.com/h_161,q_95,w_125/v1/images/style/properties/9d9d3c9ddb15fc23e4bb837273841108_images_mini.jpg"},"imageType":"back"},"front":{"imageURL":"http://assets.myntassets.com/v1/images/style/properties/f5b180dc61d4764ef9b7961ebe4a5d3a_images.jpg","resolutions":{"1080X1440Xmini":"http://assets.myntassets.com/h_1440,q_95,w_1080/v1/images/style/properties/f5b180dc61d4764ef9b7961ebe4a5d3a_images_mini.jpg","48X64":"http://assets.myntassets.com/h_64,q_95,w_48/v1/images/style/properties/f5b180dc61d4764ef9b7961ebe4a5d3a_images.jpg","1080X1440":"http://assets.myntassets.com/h_1440,q_95,w_1080/v1/images/style/properties/f5b180dc61d4764ef9b7961ebe4a5d3a_images.jpg","150X200":"http://assets.myntassets.com/h_200,q_95,w_150/v1/images/style/properties/f5b180dc61d4764ef9b7961ebe4a5d3a_images.jpg","360X480":"http://assets.myntassets.com/h_480,q_95,w_360/v1/images/style/properties/f5b180dc61d4764ef9b7961ebe4a5d3a_images.jpg","180X240":"http://assets.myntassets.com/h_240,q_95,w_180/v1/images/style/properties/f5b180dc61d4764ef9b7961ebe4a5d3a_images.jpg","360X480Xmini":"http://assets.myntassets.com/h_480,q_95,w_360/v1/images/style/properties/f5b180dc61d4764ef9b7961ebe4a5d3a_images_mini.jpg","180X240Xmini":"http://assets.myntassets.com/h_240,q_95,w_180/v1/images/style/properties/f5b180dc61d4764ef9b7961ebe4a5d3a_images_mini.jpg","150X200Xmini":"http://assets.myntassets.com/h_200,q_95,w_150/v1/images/style/properties/f5b180dc61d4764ef9b7961ebe4a5d3a_images_mini.jpg","48X64Xmini":"http://assets.myntassets.com/h_64,q_95,w_48/v1/images/style/properties/f5b180dc61d4764ef9b7961ebe4a5d3a_images_mini.jpg","125X161":"http://assets.myntassets.com/h_161,q_95,w_125/v1/images/style/properties/f5b180dc61d4764ef9b7961ebe4a5d3a_images.jpg","125X161Xmini":"http://assets.myntassets.com/h_161,q_95,w_125/v1/images/style/properties/f5b180dc61d4764ef9b7961ebe4a5d3a_images_mini.jpg"},"imageType":"front"}},"lookGoodAlbum":{},"style360Images":{},"masterCategory":{"id":9,"typeName":"Apparel","active":true,"socialSharingEnabled":true,"isReturnable":true,"isExchangeable":true,"pickupEnabled":true,"isTryAndBuyEnabled":true},"subCategory":{"id":29,"typeName":"Bottomwear","active":true,"socialSharingEnabled":true,"isReturnable":true,"isExchangeable":true,"pickupEnabled":true,"isTryAndBuyEnabled":true},"articleType":{"id":74,"typeName":"Skirts","active":true,"socialSharingEnabled":true,"isReturnable":true,"isExchangeable":true,"pickupEnabled":true,"isTryAndBuyEnabled":true,"isMyntsEnabled":true,"serviceabilityDisclaimer":{"title":"","desc":""}},"isEMIEnabled":true,"otherFlags":[{"dataType":"BOOLEAN","name":"isFragile","value":"false"},{"dataType":"BOOLEAN","name":"isTryAndBuyEnabled","value":"true"},{"dataType":"BOOLEAN","name":"isHazmat","value":"false"},{"dataType":"BOOLEAN","name":"isJewellery","value":"false"},{"dataType":"BOOLEAN","name":"isReturnable","value":"true"},{"dataType":"BOOLEAN","name":"isExchangeable","value":"true"},{"dataType":"BOOLEAN","name":"active","value":"true"},{"dataType":"BOOLEAN","name":"socialSharingEnabled","value":"true"},{"dataType":"BOOLEAN","name":"pickupEnabled","value":"true"},{"dataType":"BOOLEAN","name":"isLarge","value":"false"},{"dataType":"BOOLEAN","name":"codEnabled","value":"true"}],"articleDisplayAttr":{"id":74,"core":{"order":"0","display":"2","pdtDetail":"1","pdtDeliveryOptions":"2","pdtSimilar":"2","pdtLike":"2"},"social":{"order":"1","display":"2","userLikes":"1","styleNotes":"2","crossSell":"1"},"explore":{"display":"2","crosslink":"1","similar":"1","order":"2"}},"productDescriptors":{"description":{"descriptorType":"description","value":"<p><strong>Wash Care</strong><br /> <span style=\"font-style: normal; font-weight: normal;\">Machine Wash separately in cold water<br /> Use mild detergent<br /> Do not Bleach<br /> Avoid Soaking<br /> Remove promptly<br /> Line Dry inside out in shade<br /> Warm iron only<br /> Do Not Iron Directly on Print/embroidery</span></p>"}},"styleOptions":[{"id":39009,"name":"Size","value":"2YRS","skuId":19913,"skuAvailabilityDetailMap":{"1":{"sellerid":47,"storeid":2297,"sellername":"Mayazen","availableCount":0,"availableInWarehouses":"","leadTime":3,"supplyType":"JUST_IN_TIME","sellableInventoryCount":0}},"warehouseIdToItemCountMap":{},"inventoryCount":0,"available":false,"active":true},{"id":39008,"name":"Size","value":"4YRS","skuId":19914,"skuAvailabilityDetailMap":{"1":{"sellerid":47,"storeid":2297,"sellername":"Mayazen","availableCount":0,"availableInWarehouses":"","leadTime":3,"supplyType":"JUST_IN_TIME","sellableInventoryCount":0}},"warehouseIdToItemCountMap":{},"inventoryCount":0,"available":false,"active":true},{"id":39007,"name":"Size","value":"6YRS","skuId":19915,"skuAvailabilityDetailMap":{"1":{"sellerid":47,"storeid":2297,"sellername":"Mayazen","availableCount":0,"availableInWarehouses":"","leadTime":3,"supplyType":"JUST_IN_TIME","sellableInventoryCount":0}},"warehouseIdToItemCountMap":{},"inventoryCount":0,"available":false,"active":true},{"id":39006,"name":"Size","value":"8YRS","skuId":19916,"skuAvailabilityDetailMap":{"1":{"sellerid":47,"storeid":2297,"sellername":"Mayazen","availableCount":0,"availableInWarehouses":"","leadTime":3,"supplyType":"JUST_IN_TIME","sellableInventoryCount":0}},"warehouseIdToItemCountMap":{},"inventoryCount":0,"available":false,"active":true}],"discountData":{"discountType":1,"discountAmount":275,"discountId":9537971,"discountRuleId":9405717,"discountPercent":50,"discountModifiedDate":1551690831829,"discountText":{"text":"(50% OFF)","hasFreeItem":false},"discountToolTipText":{"text":"Buy this item and get <em>50% </em> off","minMore":0,"conditionComplete":false,"hasFreeItem":false,"totalPrice":0,"totalSavings":0,"comboTotal":0,"comboSavings":0}}}}