{"notification":{},"meta":{"code":200,"requestId":"135d28ce-35b4-425c-866e-c8b2e8f96e1b"},"data":{"id":10003,"price":2695,"discountedPrice":2695,"styleType":"P","productTypeId":289,"articleNumber":"376668-100","visualTag":"","productDisplayName":"Nike Women As Nike Eleme White T-Shirt","variantName":"AS NIKE ELEME","myntraRating":1,"catalogAddDate":1461658417,"brandName":"Nike","ageGroup":"Adults-Women","gender":"Women","baseColour":"White","colour1":"NA","colour2":"NA","fashionType":"Fashion","season":"Fall","year":"2011","usage":"Sports","vat":5.5,"displayCategories":"Tshirts,Sports Wear","weight":"0","navigationId":0,"landingPageUrl":"Tshirts/Nike/Nike-Women-As-Nike-Eleme-White-T-Shirt/10003/buy","articleAttributes":{"Body or Garment Size":"Garment Measurements in"},"crossLinks":[{"key":"More Tshirts by Nike","value":"tshirts?f=brand:Nike::gender:women"},{"key":"More White Tshirts","value":"tshirts?f=colour:White::gender:women"},{"key":"More Tshirts","value":"tshirts?f=gender:women"}],"brandUserProfile":{"uidx":"6d415071.a389.472b.b5b6.c93d864afbeacs6IMuPv9K","bio":"Nike, creating experiences for today’s athlete","name":"NIKE","image":"http://assets.myntassets.com/v1/assets/banners/2015/6/26/1435317851398-23197-3chxv6.jpg","publicProfileId":"nikeindia","tagsMap":"{\"roles\":[],\"labels\":[],\"myntraVerified\":true,\"invited\":true,\"brandUrl\":\"/nike\"}"},"codEnabled":true,"styleImages":{"default":{"imageURL":"http://assets.myntassets.com/v1/images/style/properties/2fc776b82eaaf82497f1a13cf63eb073_images.jpg","resolutions":{"1080X1440Xmini":"http://assets.myntassets.com/h_1440,q_95,w_1080/v1/images/style/properties/2fc776b82eaaf82497f1a13cf63eb073_images_mini.jpg","48X64":"http://assets.myntassets.com/h_64,q_95,w_48/v1/images/style/properties/2fc776b82eaaf82497f1a13cf63eb073_images.jpg","1080X1440":"http://assets.myntassets.com/h_1440,q_95,w_1080/v1/images/style/properties/2fc776b82eaaf82497f1a13cf63eb073_images.jpg","150X200":"http://assets.myntassets.com/h_200,q_95,w_150/v1/images/style/properties/2fc776b82eaaf82497f1a13cf63eb073_images.jpg","360X480":"http://assets.myntassets.com/h_480,q_95,w_360/v1/images/style/properties/2fc776b82eaaf82497f1a13cf63eb073_images.jpg","180X240":"http://assets.myntassets.com/h_240,q_95,w_180/v1/images/style/properties/2fc776b82eaaf82497f1a13cf63eb073_images.jpg","360X480Xmini":"http://assets.myntassets.com/h_480,q_95,w_360/v1/images/style/properties/2fc776b82eaaf82497f1a13cf63eb073_images_mini.jpg","180X240Xmini":"http://assets.myntassets.com/h_240,q_95,w_180/v1/images/style/properties/2fc776b82eaaf82497f1a13cf63eb073_images_mini.jpg","150X200Xmini":"http://assets.myntassets.com/h_200,q_95,w_150/v1/images/style/properties/2fc776b82eaaf82497f1a13cf63eb073_images_mini.jpg","48X64Xmini":"http://assets.myntassets.com/h_64,q_95,w_48/v1/images/style/properties/2fc776b82eaaf82497f1a13cf63eb073_images_mini.jpg","125X161":"http://assets.myntassets.com/h_161,q_95,w_125/v1/images/style/properties/2fc776b82eaaf82497f1a13cf63eb073_images.jpg","125X161Xmini":"http://assets.myntassets.com/h_161,q_95,w_125/v1/images/style/properties/2fc776b82eaaf82497f1a13cf63eb073_images_mini.jpg"},"imageType":"default"},"size_representation":"http://assets.myntassets.com/assets/images/sizechart/2016/12/14/11481690832632-Tshirts_-Women.png","search":{"imageURL":"http://assets.myntassets.com/v1/images/style/properties/2fc776b82eaaf82497f1a13cf63eb073_images.jpg","resolutions":{"1080X1440Xmini":"http://assets.myntassets.com/h_1440,q_95,w_1080/v1/images/style/properties/2fc776b82eaaf82497f1a13cf63eb073_images_mini.jpg","48X64":"http://assets.myntassets.com/h_64,q_95,w_48/v1/images/style/properties/2fc776b82eaaf82497f1a13cf63eb073_images.jpg","1080X1440":"http://assets.myntassets.com/h_1440,q_95,w_1080/v1/images/style/properties/2fc776b82eaaf82497f1a13cf63eb073_images.jpg","150X200":"http://assets.myntassets.com/h_200,q_95,w_150/v1/images/style/properties/2fc776b82eaaf82497f1a13cf63eb073_images.jpg","360X480":"http://assets.myntassets.com/h_480,q_95,w_360/v1/images/style/properties/2fc776b82eaaf82497f1a13cf63eb073_images.jpg","180X240":"http://assets.myntassets.com/h_240,q_95,w_180/v1/images/style/properties/2fc776b82eaaf82497f1a13cf63eb073_images.jpg","360X480Xmini":"http://assets.myntassets.com/h_480,q_95,w_360/v1/images/style/properties/2fc776b82eaaf82497f1a13cf63eb073_images_mini.jpg","180X240Xmini":"http://assets.myntassets.com/h_240,q_95,w_180/v1/images/style/properties/2fc776b82eaaf82497f1a13cf63eb073_images_mini.jpg","150X200Xmini":"http://assets.myntassets.com/h_200,q_95,w_150/v1/images/style/properties/2fc776b82eaaf82497f1a13cf63eb073_images_mini.jpg","48X64Xmini":"http://assets.myntassets.com/h_64,q_95,w_48/v1/images/style/properties/2fc776b82eaaf82497f1a13cf63eb073_images_mini.jpg","125X161":"http://assets.myntassets.com/h_161,q_95,w_125/v1/images/style/properties/2fc776b82eaaf82497f1a13cf63eb073_images.jpg","125X161Xmini":"http://assets.myntassets.com/h_161,q_95,w_125/v1/images/style/properties/2fc776b82eaaf82497f1a13cf63eb073_images_mini.jpg"},"imageType":"search"},"back":{"imageURL":"http://assets.myntassets.com/v1/images/style/properties/a3d4de5d8241bc07cb5a0badd853f3a9_images.jpg","resolutions":{"1080X1440Xmini":"http://assets.myntassets.com/h_1440,q_95,w_1080/v1/images/style/properties/a3d4de5d8241bc07cb5a0badd853f3a9_images_mini.jpg","48X64":"http://assets.myntassets.com/h_64,q_95,w_48/v1/images/style/properties/a3d4de5d8241bc07cb5a0badd853f3a9_images.jpg","1080X1440":"http://assets.myntassets.com/h_1440,q_95,w_1080/v1/images/style/properties/a3d4de5d8241bc07cb5a0badd853f3a9_images.jpg","150X200":"http://assets.myntassets.com/h_200,q_95,w_150/v1/images/style/properties/a3d4de5d8241bc07cb5a0badd853f3a9_images.jpg","360X480":"http://assets.myntassets.com/h_480,q_95,w_360/v1/images/style/properties/a3d4de5d8241bc07cb5a0badd853f3a9_images.jpg","180X240":"http://assets.myntassets.com/h_240,q_95,w_180/v1/images/style/properties/a3d4de5d8241bc07cb5a0badd853f3a9_images.jpg","360X480Xmini":"http://assets.myntassets.com/h_480,q_95,w_360/v1/images/style/properties/a3d4de5d8241bc07cb5a0badd853f3a9_images_mini.jpg","180X240Xmini":"http://assets.myntassets.com/h_240,q_95,w_180/v1/images/style/properties/a3d4de5d8241bc07cb5a0badd853f3a9_images_mini.jpg","150X200Xmini":"http://assets.myntassets.com/h_200,q_95,w_150/v1/images/style/properties/a3d4de5d8241bc07cb5a0badd853f3a9_images_mini.jpg","48X64Xmini":"http://assets.myntassets.com/h_64,q_95,w_48/v1/images/style/properties/a3d4de5d8241bc07cb5a0badd853f3a9_images_mini.jpg","125X161":"http://assets.myntassets.com/h_161,q_95,w_125/v1/images/style/properties/a3d4de5d8241bc07cb5a0badd853f3a9_images.jpg","125X161Xmini":"http://assets.myntassets.com/h_161,q_95,w_125/v1/images/style/properties/a3d4de5d8241bc07cb5a0badd853f3a9_images_mini.jpg"},"imageType":"back"},"left":{"imageURL":"http://assets.myntassets.com/v1/images/style/properties/ccc1a49068b4dc870a662ff31494392e_images.jpg","resolutions":{"1080X1440Xmini":"http://assets.myntassets.com/h_1440,q_95,w_1080/v1/images/style/properties/ccc1a49068b4dc870a662ff31494392e_images_mini.jpg","48X64":"http://assets.myntassets.com/h_64,q_95,w_48/v1/images/style/properties/ccc1a49068b4dc870a662ff31494392e_images.jpg","1080X1440":"http://assets.myntassets.com/h_1440,q_95,w_1080/v1/images/style/properties/ccc1a49068b4dc870a662ff31494392e_images.jpg","150X200":"http://assets.myntassets.com/h_200,q_95,w_150/v1/images/style/properties/ccc1a49068b4dc870a662ff31494392e_images.jpg","360X480":"http://assets.myntassets.com/h_480,q_95,w_360/v1/images/style/properties/ccc1a49068b4dc870a662ff31494392e_images.jpg","180X240":"http://assets.myntassets.com/h_240,q_95,w_180/v1/images/style/properties/ccc1a49068b4dc870a662ff31494392e_images.jpg","360X480Xmini":"http://assets.myntassets.com/h_480,q_95,w_360/v1/images/style/properties/ccc1a49068b4dc870a662ff31494392e_images_mini.jpg","180X240Xmini":"http://assets.myntassets.com/h_240,q_95,w_180/v1/images/style/properties/ccc1a49068b4dc870a662ff31494392e_images_mini.jpg","150X200Xmini":"http://assets.myntassets.com/h_200,q_95,w_150/v1/images/style/properties/ccc1a49068b4dc870a662ff31494392e_images_mini.jpg","48X64Xmini":"http://assets.myntassets.com/h_64,q_95,w_48/v1/images/style/properties/ccc1a49068b4dc870a662ff31494392e_images_mini.jpg","125X161":"http://assets.myntassets.com/h_161,q_95,w_125/v1/images/style/properties/ccc1a49068b4dc870a662ff31494392e_images.jpg","125X161Xmini":"http://assets.myntassets.com/h_161,q_95,w_125/v1/images/style/properties/ccc1a49068b4dc870a662ff31494392e_images_mini.jpg"},"imageType":"left"},"front":{"imageURL":"http://assets.myntassets.com/v1/images/style/properties/b862f3c0cfb058ba17c29e467a1e5977_images.jpg","resolutions":{"1080X1440Xmini":"http://assets.myntassets.com/h_1440,q_95,w_1080/v1/images/style/properties/b862f3c0cfb058ba17c29e467a1e5977_images_mini.jpg","48X64":"http://assets.myntassets.com/h_64,q_95,w_48/v1/images/style/properties/b862f3c0cfb058ba17c29e467a1e5977_images.jpg","1080X1440":"http://assets.myntassets.com/h_1440,q_95,w_1080/v1/images/style/properties/b862f3c0cfb058ba17c29e467a1e5977_images.jpg","150X200":"http://assets.myntassets.com/h_200,q_95,w_150/v1/images/style/properties/b862f3c0cfb058ba17c29e467a1e5977_images.jpg","360X480":"http://assets.myntassets.com/h_480,q_95,w_360/v1/images/style/properties/b862f3c0cfb058ba17c29e467a1e5977_images.jpg","180X240":"http://assets.myntassets.com/h_240,q_95,w_180/v1/images/style/properties/b862f3c0cfb058ba17c29e467a1e5977_images.jpg","360X480Xmini":"http://assets.myntassets.com/h_480,q_95,w_360/v1/images/style/properties/b862f3c0cfb058ba17c29e467a1e5977_images_mini.jpg","180X240Xmini":"http://assets.myntassets.com/h_240,q_95,w_180/v1/images/style/properties/b862f3c0cfb058ba17c29e467a1e5977_images_mini.jpg","150X200Xmini":"http://assets.myntassets.com/h_200,q_95,w_150/v1/images/style/properties/b862f3c0cfb058ba17c29e467a1e5977_images_mini.jpg","48X64Xmini":"http://assets.myntassets.com/h_64,q_95,w_48/v1/images/style/properties/b862f3c0cfb058ba17c29e467a1e5977_images_mini.jpg","125X161":"http://assets.myntassets.com/h_161,q_95,w_125/v1/images/style/properties/b862f3c0cfb058ba17c29e467a1e5977_images.jpg","125X161Xmini":"http://assets.myntassets.com/h_161,q_95,w_125/v1/images/style/properties/b862f3c0cfb058ba17c29e467a1e5977_images_mini.jpg"},"imageType":"front"},"right":{"imageURL":"http://assets.myntassets.com/v1/images/style/properties/aa9fb28d020403df4778be78b64b7ca4_images.jpg","resolutions":{"1080X1440Xmini":"http://assets.myntassets.com/h_1440,q_95,w_1080/v1/images/style/properties/aa9fb28d020403df4778be78b64b7ca4_images_mini.jpg","48X64":"http://assets.myntassets.com/h_64,q_95,w_48/v1/images/style/properties/aa9fb28d020403df4778be78b64b7ca4_images.jpg","1080X1440":"http://assets.myntassets.com/h_1440,q_95,w_1080/v1/images/style/properties/aa9fb28d020403df4778be78b64b7ca4_images.jpg","150X200":"http://assets.myntassets.com/h_200,q_95,w_150/v1/images/style/properties/aa9fb28d020403df4778be78b64b7ca4_images.jpg","360X480":"http://assets.myntassets.com/h_480,q_95,w_360/v1/images/style/properties/aa9fb28d020403df4778be78b64b7ca4_images.jpg","180X240":"http://assets.myntassets.com/h_240,q_95,w_180/v1/images/style/properties/aa9fb28d020403df4778be78b64b7ca4_images.jpg","360X480Xmini":"http://assets.myntassets.com/h_480,q_95,w_360/v1/images/style/properties/aa9fb28d020403df4778be78b64b7ca4_images_mini.jpg","180X240Xmini":"http://assets.myntassets.com/h_240,q_95,w_180/v1/images/style/properties/aa9fb28d020403df4778be78b64b7ca4_images_mini.jpg","150X200Xmini":"http://assets.myntassets.com/h_200,q_95,w_150/v1/images/style/properties/aa9fb28d020403df4778be78b64b7ca4_images_mini.jpg","48X64Xmini":"http://assets.myntassets.com/h_64,q_95,w_48/v1/images/style/properties/aa9fb28d020403df4778be78b64b7ca4_images_mini.jpg","125X161":"http://assets.myntassets.com/h_161,q_95,w_125/v1/images/style/properties/aa9fb28d020403df4778be78b64b7ca4_images.jpg","125X161Xmini":"http://assets.myntassets.com/h_161,q_95,w_125/v1/images/style/properties/aa9fb28d020403df4778be78b64b7ca4_images_mini.jpg"},"imageType":"right"}},"lookGoodAlbum":{},"style360Images":{},"masterCategory":{"id":9,"typeName":"Apparel","active":true,"socialSharingEnabled":true,"isReturnable":true,"isExchangeable":true,"pickupEnabled":true,"isTryAndBuyEnabled":true},"subCategory":{"id":31,"typeName":"Topwear","active":true,"socialSharingEnabled":true,"isReturnable":true,"isExchangeable":true,"pickupEnabled":true,"isTryAndBuyEnabled":true},"articleType":{"id":90,"typeName":"Tshirts","active":true,"socialSharingEnabled":true,"isReturnable":true,"isExchangeable":true,"pickupEnabled":true,"isTryAndBuyEnabled":true,"isMyntsEnabled":true,"serviceabilityDisclaimer":{"title":"","desc":""}},"isEMIEnabled":true,"otherFlags":[{"dataType":"BOOLEAN","name":"isFragile","value":"false"},{"dataType":"BOOLEAN","name":"isTryAndBuyEnabled","value":"true"},{"dataType":"BOOLEAN","name":"isHazmat","value":"false"},{"dataType":"BOOLEAN","name":"isJewellery","value":"false"},{"dataType":"BOOLEAN","name":"isReturnable","value":"true"},{"dataType":"BOOLEAN","name":"isExchangeable","value":"true"},{"dataType":"BOOLEAN","name":"active","value":"true"},{"dataType":"BOOLEAN","name":"socialSharingEnabled","value":"true"},{"dataType":"BOOLEAN","name":"pickupEnabled","value":"true"},{"dataType":"BOOLEAN","name":"isLarge","value":"false"},{"dataType":"BOOLEAN","name":"codEnabled","value":"true"}],"articleDisplayAttr":{"id":90,"core":{"order":"0","display":"2","pdtDetail":"1","pdtDeliveryOptions":"2","pdtSimilar":"2","pdtLike":"2"},"social":{"order":"1","display":"2","userLikes":"1","styleNotes":"2","crossSell":"1"},"explore":{"display":"2","crosslink":"1","similar":"1","order":"2"}},"productDescriptors":{"description":{"descriptorType":"description","value":"<p><strong>Composition</strong><br /> White high collared t-shirt made of 92% nylon and 8% spandex, has a half-length zipper, raglan sleeves with flat-seam design for range of motion and reduced irritation, and a reflective loop on centre-back neck to keep media-player cords out of the way<br /> <br /> <span style=\"font-style: normal; font-weight: bold;\">Fitting<br /> </span><span style=\"font-style: normal; font-weight: normal;\">Comfort<br /> <br /><strong> Wash care</strong><br /> Machine wash cold at 30 degrees with like colours<br /> Do not bleach<br /> Tumble dry low<br /> Remove immediately/do not allow to lay on itself when wet<br /> Cool iron, but do not iron on design<br /> Do not dry clean<br /> <br /> This cold-weather running shirt is made of soft, suede Dri-Fit fabric that wicks sweat away from the body to the fabric's surface, where it quickly evaporates. Spandex fibres allow it to stretch for better mobility and a comfortable, athletic fit. <br /> <br /> The Element Half-Zip features a fitted design that stays out of your way as you run. Ergonomic seams map the natural contours of your body to help reduce friction and chafing while providing great range of motion. A stand-up collar delivers extra warmth and protection when you need it, and mesh underarm vents increase airflow in this high-heat area to help you stay dry and comfortable. <br /> <br /> Rough on the weather, soft on you, the nike Element Half-Zip women's Running top helps you stay dry, comfortable and distraction-free from the first mile to the last. </span></p>"}},"styleOptions":[{"id":39010,"name":"Size","value":"S","unifiedSize":"S","unifiedSizeValue":"S","unifiedSizeScale":"","allSize":"S","skuId":47309,"skuAvailabilityDetailMap":{},"warehouseIdToItemCountMap":{},"inventoryCount":0,"available":false,"active":true},{"id":39011,"name":"Size","value":"M","unifiedSize":"M","unifiedSizeValue":"M","unifiedSizeScale":"","allSize":"M","skuId":47310,"skuAvailabilityDetailMap":{},"warehouseIdToItemCountMap":{},"inventoryCount":0,"available":false,"active":true},{"id":39012,"name":"Size","value":"L","unifiedSize":"L","unifiedSizeValue":"L","unifiedSizeScale":"","allSize":"L","skuId":47311,"skuAvailabilityDetailMap":{},"warehouseIdToItemCountMap":{},"inventoryCount":0,"available":false,"active":true},{"id":39013,"name":"Size","value":"XL","unifiedSize":"XL","unifiedSizeValue":"XL","unifiedSizeScale":"","allSize":"XL","skuId":47312,"skuAvailabilityDetailMap":{},"warehouseIdToItemCountMap":{},"inventoryCount":0,"available":false,"active":true}]}}