{"notification":{},"meta":{"code":200,"requestId":"c9e4ec68-39e4-4afe-8a8c-54167d15e3d3"},"data":{"id":10060,"price":1599,"discountedPrice":1599,"styleType":"P","productTypeId":289,"articleNumber":"55775101","visualTag":"","productDisplayName":"Puma Men motor sport tee White Tshirts","variantName":"motor sport tee","myntraRating":1,"catalogAddDate":1472135919,"brandName":"Puma","ageGroup":"Adults-Men","gender":"Men","baseColour":"White","colour1":"NA","colour2":"NA","fashionType":"Fashion","season":"Fall","year":"2011","usage":"Casual","vat":5.5,"displayCategories":"Casual Wear","weight":"0","navigationId":0,"landingPageUrl":"Tshirts/Puma/Puma-Men-motor-sport-tee-White-Tshirts/10060/buy","articleAttributes":{"Fit":"Regular Fit","Pattern":"Printed","Body or Garment Size":"Garment Measurements in","Sleeve Length":"Short Sleeves","Neck":"Round Neck","Fabric":"Cotton"},"crossLinks":[{"key":"More Tshirts by Puma","value":"tshirts?f=brand:Puma::gender:men"},{"key":"More White Tshirts","value":"tshirts?f=colour:White::gender:men"},{"key":"More Tshirts","value":"tshirts?f=gender:men"}],"brandUserProfile":{"uidx":"12c1ae88.a2e0.4ada.8a85.2259c8f751fdEzea5ihq34","bio":"PUMA is the World's Fastest Sports Brand","name":"PUMA","image":"http://assets.myntassets.com/assets/images/2015/11/17/11447736932686-113016-3ff8sf.jpg","publicProfileId":"PUMA","tagsMap":"{\"roles\":[],\"labels\":[],\"myntraVerified\":true,\"invited\":true,\"brandUrl\":\"/puma\"}"},"codEnabled":true,"styleImages":{"default":{"imageURL":"http://assets.myntassets.com/v1/images/style/properties/c9ea7b775dd14c52b71b265f4544fd17_images.jpg","resolutions":{"1080X1440Xmini":"http://assets.myntassets.com/h_1440,q_95,w_1080/v1/images/style/properties/c9ea7b775dd14c52b71b265f4544fd17_images_mini.jpg","48X64":"http://assets.myntassets.com/h_64,q_95,w_48/v1/images/style/properties/c9ea7b775dd14c52b71b265f4544fd17_images.jpg","1080X1440":"http://assets.myntassets.com/h_1440,q_95,w_1080/v1/images/style/properties/c9ea7b775dd14c52b71b265f4544fd17_images.jpg","150X200":"http://assets.myntassets.com/h_200,q_95,w_150/v1/images/style/properties/c9ea7b775dd14c52b71b265f4544fd17_images.jpg","360X480":"http://assets.myntassets.com/h_480,q_95,w_360/v1/images/style/properties/c9ea7b775dd14c52b71b265f4544fd17_images.jpg","180X240":"http://assets.myntassets.com/h_240,q_95,w_180/v1/images/style/properties/c9ea7b775dd14c52b71b265f4544fd17_images.jpg","360X480Xmini":"http://assets.myntassets.com/h_480,q_95,w_360/v1/images/style/properties/c9ea7b775dd14c52b71b265f4544fd17_images_mini.jpg","180X240Xmini":"http://assets.myntassets.com/h_240,q_95,w_180/v1/images/style/properties/c9ea7b775dd14c52b71b265f4544fd17_images_mini.jpg","150X200Xmini":"http://assets.myntassets.com/h_200,q_95,w_150/v1/images/style/properties/c9ea7b775dd14c52b71b265f4544fd17_images_mini.jpg","48X64Xmini":"http://assets.myntassets.com/h_64,q_95,w_48/v1/images/style/properties/c9ea7b775dd14c52b71b265f4544fd17_images_mini.jpg","125X161":"http://assets.myntassets.com/h_161,q_95,w_125/v1/images/style/properties/c9ea7b775dd14c52b71b265f4544fd17_images.jpg","125X161Xmini":"http://assets.myntassets.com/h_161,q_95,w_125/v1/images/style/properties/c9ea7b775dd14c52b71b265f4544fd17_images_mini.jpg"},"imageType":"default"},"size_representation":"http://assets.myntassets.com/assets/images/sizechart/2016/12/14/11481690842463-Tshirts_men.png","search":{"imageURL":"http://assets.myntassets.com/v1/images/style/properties/c9ea7b775dd14c52b71b265f4544fd17_images.jpg","resolutions":{"1080X1440Xmini":"http://assets.myntassets.com/h_1440,q_95,w_1080/v1/images/style/properties/c9ea7b775dd14c52b71b265f4544fd17_images_mini.jpg","48X64":"http://assets.myntassets.com/h_64,q_95,w_48/v1/images/style/properties/c9ea7b775dd14c52b71b265f4544fd17_images.jpg","1080X1440":"http://assets.myntassets.com/h_1440,q_95,w_1080/v1/images/style/properties/c9ea7b775dd14c52b71b265f4544fd17_images.jpg","150X200":"http://assets.myntassets.com/h_200,q_95,w_150/v1/images/style/properties/c9ea7b775dd14c52b71b265f4544fd17_images.jpg","360X480":"http://assets.myntassets.com/h_480,q_95,w_360/v1/images/style/properties/c9ea7b775dd14c52b71b265f4544fd17_images.jpg","180X240":"http://assets.myntassets.com/h_240,q_95,w_180/v1/images/style/properties/c9ea7b775dd14c52b71b265f4544fd17_images.jpg","360X480Xmini":"http://assets.myntassets.com/h_480,q_95,w_360/v1/images/style/properties/c9ea7b775dd14c52b71b265f4544fd17_images_mini.jpg","180X240Xmini":"http://assets.myntassets.com/h_240,q_95,w_180/v1/images/style/properties/c9ea7b775dd14c52b71b265f4544fd17_images_mini.jpg","150X200Xmini":"http://assets.myntassets.com/h_200,q_95,w_150/v1/images/style/properties/c9ea7b775dd14c52b71b265f4544fd17_images_mini.jpg","48X64Xmini":"http://assets.myntassets.com/h_64,q_95,w_48/v1/images/style/properties/c9ea7b775dd14c52b71b265f4544fd17_images_mini.jpg","125X161":"http://assets.myntassets.com/h_161,q_95,w_125/v1/images/style/properties/c9ea7b775dd14c52b71b265f4544fd17_images.jpg","125X161Xmini":"http://assets.myntassets.com/h_161,q_95,w_125/v1/images/style/properties/c9ea7b775dd14c52b71b265f4544fd17_images_mini.jpg"},"imageType":"search"},"back":{"imageURL":"http://assets.myntassets.com/v1/images/style/properties/5cd9bc21e820e9bbdd2594700125eccb_images.jpg","resolutions":{"1080X1440Xmini":"http://assets.myntassets.com/h_1440,q_95,w_1080/v1/images/style/properties/5cd9bc21e820e9bbdd2594700125eccb_images_mini.jpg","48X64":"http://assets.myntassets.com/h_64,q_95,w_48/v1/images/style/properties/5cd9bc21e820e9bbdd2594700125eccb_images.jpg","1080X1440":"http://assets.myntassets.com/h_1440,q_95,w_1080/v1/images/style/properties/5cd9bc21e820e9bbdd2594700125eccb_images.jpg","150X200":"http://assets.myntassets.com/h_200,q_95,w_150/v1/images/style/properties/5cd9bc21e820e9bbdd2594700125eccb_images.jpg","360X480":"http://assets.myntassets.com/h_480,q_95,w_360/v1/images/style/properties/5cd9bc21e820e9bbdd2594700125eccb_images.jpg","180X240":"http://assets.myntassets.com/h_240,q_95,w_180/v1/images/style/properties/5cd9bc21e820e9bbdd2594700125eccb_images.jpg","360X480Xmini":"http://assets.myntassets.com/h_480,q_95,w_360/v1/images/style/properties/5cd9bc21e820e9bbdd2594700125eccb_images_mini.jpg","180X240Xmini":"http://assets.myntassets.com/h_240,q_95,w_180/v1/images/style/properties/5cd9bc21e820e9bbdd2594700125eccb_images_mini.jpg","150X200Xmini":"http://assets.myntassets.com/h_200,q_95,w_150/v1/images/style/properties/5cd9bc21e820e9bbdd2594700125eccb_images_mini.jpg","48X64Xmini":"http://assets.myntassets.com/h_64,q_95,w_48/v1/images/style/properties/5cd9bc21e820e9bbdd2594700125eccb_images_mini.jpg","125X161":"http://assets.myntassets.com/h_161,q_95,w_125/v1/images/style/properties/5cd9bc21e820e9bbdd2594700125eccb_images.jpg","125X161Xmini":"http://assets.myntassets.com/h_161,q_95,w_125/v1/images/style/properties/5cd9bc21e820e9bbdd2594700125eccb_images_mini.jpg"},"imageType":"back"},"left":{"imageURL":"http://assets.myntassets.com/v1/images/style/properties/83d50823161390ffe59f592be08f71ab_images.jpg","resolutions":{"1080X1440Xmini":"http://assets.myntassets.com/h_1440,q_95,w_1080/v1/images/style/properties/83d50823161390ffe59f592be08f71ab_images_mini.jpg","48X64":"http://assets.myntassets.com/h_64,q_95,w_48/v1/images/style/properties/83d50823161390ffe59f592be08f71ab_images.jpg","1080X1440":"http://assets.myntassets.com/h_1440,q_95,w_1080/v1/images/style/properties/83d50823161390ffe59f592be08f71ab_images.jpg","150X200":"http://assets.myntassets.com/h_200,q_95,w_150/v1/images/style/properties/83d50823161390ffe59f592be08f71ab_images.jpg","360X480":"http://assets.myntassets.com/h_480,q_95,w_360/v1/images/style/properties/83d50823161390ffe59f592be08f71ab_images.jpg","180X240":"http://assets.myntassets.com/h_240,q_95,w_180/v1/images/style/properties/83d50823161390ffe59f592be08f71ab_images.jpg","360X480Xmini":"http://assets.myntassets.com/h_480,q_95,w_360/v1/images/style/properties/83d50823161390ffe59f592be08f71ab_images_mini.jpg","180X240Xmini":"http://assets.myntassets.com/h_240,q_95,w_180/v1/images/style/properties/83d50823161390ffe59f592be08f71ab_images_mini.jpg","150X200Xmini":"http://assets.myntassets.com/h_200,q_95,w_150/v1/images/style/properties/83d50823161390ffe59f592be08f71ab_images_mini.jpg","48X64Xmini":"http://assets.myntassets.com/h_64,q_95,w_48/v1/images/style/properties/83d50823161390ffe59f592be08f71ab_images_mini.jpg","125X161":"http://assets.myntassets.com/h_161,q_95,w_125/v1/images/style/properties/83d50823161390ffe59f592be08f71ab_images.jpg","125X161Xmini":"http://assets.myntassets.com/h_161,q_95,w_125/v1/images/style/properties/83d50823161390ffe59f592be08f71ab_images_mini.jpg"},"imageType":"left"},"front":{"imageURL":"http://assets.myntassets.com/v1/images/style/properties/a305566f76af4dd18a7d34131291da0c_images.jpg","resolutions":{"1080X1440Xmini":"http://assets.myntassets.com/h_1440,q_95,w_1080/v1/images/style/properties/a305566f76af4dd18a7d34131291da0c_images_mini.jpg","48X64":"http://assets.myntassets.com/h_64,q_95,w_48/v1/images/style/properties/a305566f76af4dd18a7d34131291da0c_images.jpg","1080X1440":"http://assets.myntassets.com/h_1440,q_95,w_1080/v1/images/style/properties/a305566f76af4dd18a7d34131291da0c_images.jpg","150X200":"http://assets.myntassets.com/h_200,q_95,w_150/v1/images/style/properties/a305566f76af4dd18a7d34131291da0c_images.jpg","360X480":"http://assets.myntassets.com/h_480,q_95,w_360/v1/images/style/properties/a305566f76af4dd18a7d34131291da0c_images.jpg","180X240":"http://assets.myntassets.com/h_240,q_95,w_180/v1/images/style/properties/a305566f76af4dd18a7d34131291da0c_images.jpg","360X480Xmini":"http://assets.myntassets.com/h_480,q_95,w_360/v1/images/style/properties/a305566f76af4dd18a7d34131291da0c_images_mini.jpg","180X240Xmini":"http://assets.myntassets.com/h_240,q_95,w_180/v1/images/style/properties/a305566f76af4dd18a7d34131291da0c_images_mini.jpg","150X200Xmini":"http://assets.myntassets.com/h_200,q_95,w_150/v1/images/style/properties/a305566f76af4dd18a7d34131291da0c_images_mini.jpg","48X64Xmini":"http://assets.myntassets.com/h_64,q_95,w_48/v1/images/style/properties/a305566f76af4dd18a7d34131291da0c_images_mini.jpg","125X161":"http://assets.myntassets.com/h_161,q_95,w_125/v1/images/style/properties/a305566f76af4dd18a7d34131291da0c_images.jpg","125X161Xmini":"http://assets.myntassets.com/h_161,q_95,w_125/v1/images/style/properties/a305566f76af4dd18a7d34131291da0c_images_mini.jpg"},"imageType":"front"},"right":{"imageURL":"http://assets.myntassets.com/v1/images/style/properties/7b05e48a3d4671e20462858107b52804_images.jpg","resolutions":{"1080X1440Xmini":"http://assets.myntassets.com/h_1440,q_95,w_1080/v1/images/style/properties/7b05e48a3d4671e20462858107b52804_images_mini.jpg","48X64":"http://assets.myntassets.com/h_64,q_95,w_48/v1/images/style/properties/7b05e48a3d4671e20462858107b52804_images.jpg","1080X1440":"http://assets.myntassets.com/h_1440,q_95,w_1080/v1/images/style/properties/7b05e48a3d4671e20462858107b52804_images.jpg","150X200":"http://assets.myntassets.com/h_200,q_95,w_150/v1/images/style/properties/7b05e48a3d4671e20462858107b52804_images.jpg","360X480":"http://assets.myntassets.com/h_480,q_95,w_360/v1/images/style/properties/7b05e48a3d4671e20462858107b52804_images.jpg","180X240":"http://assets.myntassets.com/h_240,q_95,w_180/v1/images/style/properties/7b05e48a3d4671e20462858107b52804_images.jpg","360X480Xmini":"http://assets.myntassets.com/h_480,q_95,w_360/v1/images/style/properties/7b05e48a3d4671e20462858107b52804_images_mini.jpg","180X240Xmini":"http://assets.myntassets.com/h_240,q_95,w_180/v1/images/style/properties/7b05e48a3d4671e20462858107b52804_images_mini.jpg","150X200Xmini":"http://assets.myntassets.com/h_200,q_95,w_150/v1/images/style/properties/7b05e48a3d4671e20462858107b52804_images_mini.jpg","48X64Xmini":"http://assets.myntassets.com/h_64,q_95,w_48/v1/images/style/properties/7b05e48a3d4671e20462858107b52804_images_mini.jpg","125X161":"http://assets.myntassets.com/h_161,q_95,w_125/v1/images/style/properties/7b05e48a3d4671e20462858107b52804_images.jpg","125X161Xmini":"http://assets.myntassets.com/h_161,q_95,w_125/v1/images/style/properties/7b05e48a3d4671e20462858107b52804_images_mini.jpg"},"imageType":"right"}},"lookGoodAlbum":{},"style360Images":{},"masterCategory":{"id":9,"typeName":"Apparel","active":true,"socialSharingEnabled":true,"isReturnable":true,"isExchangeable":true,"pickupEnabled":true,"isTryAndBuyEnabled":true},"subCategory":{"id":31,"typeName":"Topwear","active":true,"socialSharingEnabled":true,"isReturnable":true,"isExchangeable":true,"pickupEnabled":true,"isTryAndBuyEnabled":true},"articleType":{"id":90,"typeName":"Tshirts","active":true,"socialSharingEnabled":true,"isReturnable":true,"isExchangeable":true,"pickupEnabled":true,"isTryAndBuyEnabled":true,"isMyntsEnabled":true,"serviceabilityDisclaimer":{"title":"","desc":""}},"isEMIEnabled":true,"otherFlags":[{"dataType":"BOOLEAN","name":"isFragile","value":"false"},{"dataType":"BOOLEAN","name":"isTryAndBuyEnabled","value":"true"},{"dataType":"BOOLEAN","name":"isHazmat","value":"false"},{"dataType":"BOOLEAN","name":"isJewellery","value":"false"},{"dataType":"BOOLEAN","name":"isReturnable","value":"true"},{"dataType":"BOOLEAN","name":"isExchangeable","value":"true"},{"dataType":"BOOLEAN","name":"active","value":"true"},{"dataType":"BOOLEAN","name":"socialSharingEnabled","value":"true"},{"dataType":"BOOLEAN","name":"pickupEnabled","value":"true"},{"dataType":"BOOLEAN","name":"isLarge","value":"false"},{"dataType":"BOOLEAN","name":"codEnabled","value":"true"}],"articleDisplayAttr":{"id":90,"core":{"order":"0","display":"2","pdtDetail":"1","pdtDeliveryOptions":"2","pdtSimilar":"2","pdtLike":"2"},"social":{"order":"1","display":"2","userLikes":"1","styleNotes":"2","crossSell":"1"},"explore":{"display":"2","crosslink":"1","similar":"1","order":"2"}},"productDescriptors":{"description":{"descriptorType":"description","value":"<p style=\"text-align: justify;\"><strong>Composition</strong><br />White round neck t-shirt made of 100% cotton, with screen print across the chest, and puma Jumping cat logo printed below the nape of the neck<br /><br /><strong>Fitting</strong><br />Regular<br /><br /><strong>Wash care</strong><br />Gentle machine wash with like colours in cool water at 30 degrees<br />Do not bleach<br />Do not tumble dry<br />Warm iron<br />Do not dry clean<br /><br />Look cool this season in this t-shirt from puma, inspired by Motorsports. The subliminal print on the front with images of racing car parts and bikes infuses this tee with a big dose of racing spirit. Team this with jeans and canvas shoes for a casual look.<br /><br /><em>Model statistics</em><br />The model wears size M in t-shirts<br />Height-6', Shoulders-18\"</p>"}},"styleOptions":[{"id":39244,"name":"Size","value":"XS","unifiedSize":"XS","unifiedSizeValue":"XS","unifiedSizeScale":"","allSize":"XS","skuId":53004,"skuAvailabilityDetailMap":{},"warehouseIdToItemCountMap":{},"inventoryCount":0,"available":false,"active":true},{"id":89107,"name":"Size","value":"S","unifiedSize":"S","unifiedSizeValue":"S","unifiedSizeScale":"","allSize":"S","skuId":46121,"skuAvailabilityDetailMap":{},"warehouseIdToItemCountMap":{},"inventoryCount":0,"available":false,"active":true},{"id":39248,"name":"Size","value":"M","unifiedSize":"M","unifiedSizeValue":"M","unifiedSizeScale":"","allSize":"M","skuId":53000,"skuAvailabilityDetailMap":{},"warehouseIdToItemCountMap":{},"inventoryCount":0,"available":false,"active":true},{"id":39247,"name":"Size","value":"L","unifiedSize":"L","unifiedSizeValue":"L","unifiedSizeScale":"","allSize":"L","skuId":53001,"skuAvailabilityDetailMap":{},"warehouseIdToItemCountMap":{},"inventoryCount":0,"available":false,"active":true},{"id":39246,"name":"Size","value":"XL","unifiedSize":"XL","unifiedSizeValue":"XL","unifiedSizeScale":"","allSize":"XL","skuId":53002,"skuAvailabilityDetailMap":{},"warehouseIdToItemCountMap":{},"inventoryCount":0,"available":false,"active":true},{"id":39245,"name":"Size","value":"XXL","unifiedSize":"XXL","unifiedSizeValue":"XXL","unifiedSizeScale":"","allSize":"XXL","skuId":53003,"skuAvailabilityDetailMap":{},"warehouseIdToItemCountMap":{},"inventoryCount":0,"available":false,"active":true}]}}