{"notification":{},"meta":{"code":200,"requestId":"7df65d99-5102-4f91-ba4e-818609ae24ca"},"data":{"id":10080,"price":3599,"discountedPrice":3599,"styleType":"P","productTypeId":288,"articleNumber":"J88932","visualTag":"","productDisplayName":"Reebok Men Run Sheer Black Sports Shoes","variantName":"Run Sheer","myntraRating":1,"catalogAddDate":1461658417,"brandName":"Reebok","ageGroup":"Adults-Men","gender":"Men","baseColour":"Black","colour1":"Silver","colour2":"NA","fashionType":"Fashion","season":"Fall","year":"2011","usage":"Sports","vat":14.5,"displayCategories":"Sports Shoes,Sale and Clearance,Footwear","weight":"0","navigationId":1601,"landingPageUrl":"Sports-Shoes/Reebok/Reebok-Men-Run-Sheer-Black-Sports-Shoes/10080/buy","articleAttributes":{"Sport":"Running"},"crossLinks":[{"key":"More Sports Shoes by Reebok","value":"sports-shoes?f=brand:Reebok::gender:men"},{"key":"More Black Sports Shoes","value":"sports-shoes?f=colour:Black::gender:men"},{"key":"More Sports Shoes","value":"sports-shoes?f=gender:men"}],"brandUserProfile":{"uidx":"dbca6261.8740.4051.8e0a.785f050ef486lUj8ez7EN9","bio":"At Reebok, we love Fitness.","name":"Reebok","image":"http://assets.myntassets.com/assets/images/2015/12/22/11450761735084-12126-jz3qy6.jpg","publicProfileId":"Reebokindia","imageJsonEntryMap":{"0":"{\"id\":2730537,\"createdBy\":\"dbca6261.8740.4051.8e0a.785f050ef486lUj8ez7EN9\",\"createdOn\":1450761735000,\"lastModifiedOn\":1450761735000,\"version\":0,\"format\":\"jpg\",\"isCompressed\":false,\"resolution\":\"1020X1020\",\"aspectRatio\":\"1:1\",\"viewtype\":\"front\",\"client_id\":4,\"client_description\":\"video_migration_script\",\"client_reference_id\":\"2730537\",\"imgs\":{\"S3\":{\"id\":4718327,\"relativePath\":\"assets/images/2015/12/22/11450761735084-12126-jz3qy6.jpg\",\"size\":84367,\"domain\":\"http://myntra.myntassets.com/\",\"securedDomain\":\"https://myntrawebimages.s3.amazonaws.com/\",\"resolutionFormula\":\"assets/images/2015/12/22/11450761735084-12126-jz3qy6_($width)_($height).jpg\",\"path\":\"http://myntra.myntassets.com/assets/images/2015/12/22/11450761735084-12126-jz3qy6.jpg\",\"storedUploaderType\":\"S3\",\"servingUploaderType\":\"S3\"},\"CL\":{\"id\":4718326,\"relativePath\":\"assets/images/2015/12/22/11450761735084-12126-jz3qy6.jpg\",\"size\":84367,\"domain\":\"http://assets.myntassets.com/\",\"securedDomain\":\"https://assets.myntassets.com/\",\"resolutionFormula\":\"h_($height),q_($qualityPercentage),w_($width)/v1/assets/images/2015/12/22/11450761735084-12126-jz3qy6.jpg\",\"path\":\"http://assets.myntassets.com/assets/images/2015/12/22/11450761735084-12126-jz3qy6.jpg\",\"storedUploaderType\":\"CL\",\"servingUploaderType\":\"CL\"}},\"path\":\"assets/images/2015/12/22/11450761735084-12126-jz3qy6.jpg\",\"securedDomain\":\"https://assets.myntassets.com/\",\"domain\":\"http://assets.myntassets.com/\",\"storedUploaderType\":\"CL\",\"servingUploaderType\":\"CL\",\"resolutionFormula\":\"h_($height),q_($qualityPercentage),w_($width)/v1/assets/images/2015/12/22/11450761735084-12126-jz3qy6.jpg\"}","1":"{\"id\":2730546,\"createdBy\":\"dbca6261.8740.4051.8e0a.785f050ef486lUj8ez7EN9\",\"createdOn\":1450761747000,\"lastModifiedOn\":1450761747000,\"version\":0,\"format\":\"jpg\",\"isCompressed\":false,\"resolution\":\"1035X480\",\"aspectRatio\":\"69:32\",\"viewtype\":\"front\",\"client_id\":4,\"client_description\":\"video_migration_script\",\"client_reference_id\":\"2730546\",\"imgs\":{\"S3\":{\"id\":4718340,\"relativePath\":\"assets/images/2015/12/22/11450761747806-8199-vdd6fk.jpg\",\"size\":141138,\"domain\":\"http://myntra.myntassets.com/\",\"securedDomain\":\"https://myntrawebimages.s3.amazonaws.com/\",\"resolutionFormula\":\"assets/images/2015/12/22/11450761747806-8199-vdd6fk_($width)_($height).jpg\",\"path\":\"http://myntra.myntassets.com/assets/images/2015/12/22/11450761747806-8199-vdd6fk.jpg\",\"storedUploaderType\":\"S3\",\"servingUploaderType\":\"S3\"},\"CL\":{\"id\":4718339,\"relativePath\":\"assets/images/2015/12/22/11450761747806-8199-vdd6fk.jpg\",\"size\":141138,\"domain\":\"http://assets.myntassets.com/\",\"securedDomain\":\"https://assets.myntassets.com/\",\"resolutionFormula\":\"h_($height),q_($qualityPercentage),w_($width)/v1/assets/images/2015/12/22/11450761747806-8199-vdd6fk.jpg\",\"path\":\"http://assets.myntassets.com/assets/images/2015/12/22/11450761747806-8199-vdd6fk.jpg\",\"storedUploaderType\":\"CL\",\"servingUploaderType\":\"CL\"}},\"path\":\"assets/images/2015/12/22/11450761747806-8199-vdd6fk.jpg\",\"securedDomain\":\"https://assets.myntassets.com/\",\"domain\":\"http://assets.myntassets.com/\",\"storedUploaderType\":\"CL\",\"servingUploaderType\":\"CL\",\"resolutionFormula\":\"h_($height),q_($qualityPercentage),w_($width)/v1/assets/images/2015/12/22/11450761747806-8199-vdd6fk.jpg\"}","2":"http://assets.myntassets.com/assets/images/2015/12/22/11450761735084-12126-jz3qy6.jpg","3":"http://assets.myntassets.com/assets/images/2015/12/22/11450761747806-8199-vdd6fk.jpg"},"tagsMap":"{\"roles\":[],\"labels\":[],\"myntraVerified\":true,\"invited\":true,\"brandUrl\":\"/reebok\"}"},"codEnabled":true,"styleImages":{"default":{"imageURL":"http://assets.myntassets.com/v1/images/style/properties/15017ddf96926014061a0b06525b554e_images.jpg","resolutions":{"1080X1440Xmini":"http://assets.myntassets.com/h_1440,q_95,w_1080/v1/images/style/properties/15017ddf96926014061a0b06525b554e_images_mini.jpg","48X64":"http://assets.myntassets.com/h_64,q_95,w_48/v1/images/style/properties/15017ddf96926014061a0b06525b554e_images.jpg","1080X1440":"http://assets.myntassets.com/h_1440,q_95,w_1080/v1/images/style/properties/15017ddf96926014061a0b06525b554e_images.jpg","150X200":"http://assets.myntassets.com/h_200,q_95,w_150/v1/images/style/properties/15017ddf96926014061a0b06525b554e_images.jpg","360X480":"http://assets.myntassets.com/h_480,q_95,w_360/v1/images/style/properties/15017ddf96926014061a0b06525b554e_images.jpg","180X240":"http://assets.myntassets.com/h_240,q_95,w_180/v1/images/style/properties/15017ddf96926014061a0b06525b554e_images.jpg","360X480Xmini":"http://assets.myntassets.com/h_480,q_95,w_360/v1/images/style/properties/15017ddf96926014061a0b06525b554e_images_mini.jpg","180X240Xmini":"http://assets.myntassets.com/h_240,q_95,w_180/v1/images/style/properties/15017ddf96926014061a0b06525b554e_images_mini.jpg","150X200Xmini":"http://assets.myntassets.com/h_200,q_95,w_150/v1/images/style/properties/15017ddf96926014061a0b06525b554e_images_mini.jpg","48X64Xmini":"http://assets.myntassets.com/h_64,q_95,w_48/v1/images/style/properties/15017ddf96926014061a0b06525b554e_images_mini.jpg","125X161":"http://assets.myntassets.com/h_161,q_95,w_125/v1/images/style/properties/15017ddf96926014061a0b06525b554e_images.jpg","125X161Xmini":"http://assets.myntassets.com/h_161,q_95,w_125/v1/images/style/properties/15017ddf96926014061a0b06525b554e_images_mini.jpg"},"imageType":"default"},"size_representation":"http://assets.myntassets.com/assets/images/sizechart/2016/12/12/11481538267795-footwear.png","search":{"imageURL":"http://assets.myntassets.com/v1/images/style/properties/15017ddf96926014061a0b06525b554e_images.jpg","resolutions":{"1080X1440Xmini":"http://assets.myntassets.com/h_1440,q_95,w_1080/v1/images/style/properties/15017ddf96926014061a0b06525b554e_images_mini.jpg","48X64":"http://assets.myntassets.com/h_64,q_95,w_48/v1/images/style/properties/15017ddf96926014061a0b06525b554e_images.jpg","1080X1440":"http://assets.myntassets.com/h_1440,q_95,w_1080/v1/images/style/properties/15017ddf96926014061a0b06525b554e_images.jpg","150X200":"http://assets.myntassets.com/h_200,q_95,w_150/v1/images/style/properties/15017ddf96926014061a0b06525b554e_images.jpg","360X480":"http://assets.myntassets.com/h_480,q_95,w_360/v1/images/style/properties/15017ddf96926014061a0b06525b554e_images.jpg","180X240":"http://assets.myntassets.com/h_240,q_95,w_180/v1/images/style/properties/15017ddf96926014061a0b06525b554e_images.jpg","360X480Xmini":"http://assets.myntassets.com/h_480,q_95,w_360/v1/images/style/properties/15017ddf96926014061a0b06525b554e_images_mini.jpg","180X240Xmini":"http://assets.myntassets.com/h_240,q_95,w_180/v1/images/style/properties/15017ddf96926014061a0b06525b554e_images_mini.jpg","150X200Xmini":"http://assets.myntassets.com/h_200,q_95,w_150/v1/images/style/properties/15017ddf96926014061a0b06525b554e_images_mini.jpg","48X64Xmini":"http://assets.myntassets.com/h_64,q_95,w_48/v1/images/style/properties/15017ddf96926014061a0b06525b554e_images_mini.jpg","125X161":"http://assets.myntassets.com/h_161,q_95,w_125/v1/images/style/properties/15017ddf96926014061a0b06525b554e_images.jpg","125X161Xmini":"http://assets.myntassets.com/h_161,q_95,w_125/v1/images/style/properties/15017ddf96926014061a0b06525b554e_images_mini.jpg"},"imageType":"search"},"back":{"imageURL":"http://assets.myntassets.com/v1/images/style/properties/d9ca3567f8131ea4e0b92117876be585_images.jpg","resolutions":{"1080X1440Xmini":"http://assets.myntassets.com/h_1440,q_95,w_1080/v1/images/style/properties/d9ca3567f8131ea4e0b92117876be585_images_mini.jpg","48X64":"http://assets.myntassets.com/h_64,q_95,w_48/v1/images/style/properties/d9ca3567f8131ea4e0b92117876be585_images.jpg","1080X1440":"http://assets.myntassets.com/h_1440,q_95,w_1080/v1/images/style/properties/d9ca3567f8131ea4e0b92117876be585_images.jpg","150X200":"http://assets.myntassets.com/h_200,q_95,w_150/v1/images/style/properties/d9ca3567f8131ea4e0b92117876be585_images.jpg","360X480":"http://assets.myntassets.com/h_480,q_95,w_360/v1/images/style/properties/d9ca3567f8131ea4e0b92117876be585_images.jpg","180X240":"http://assets.myntassets.com/h_240,q_95,w_180/v1/images/style/properties/d9ca3567f8131ea4e0b92117876be585_images.jpg","360X480Xmini":"http://assets.myntassets.com/h_480,q_95,w_360/v1/images/style/properties/d9ca3567f8131ea4e0b92117876be585_images_mini.jpg","180X240Xmini":"http://assets.myntassets.com/h_240,q_95,w_180/v1/images/style/properties/d9ca3567f8131ea4e0b92117876be585_images_mini.jpg","150X200Xmini":"http://assets.myntassets.com/h_200,q_95,w_150/v1/images/style/properties/d9ca3567f8131ea4e0b92117876be585_images_mini.jpg","48X64Xmini":"http://assets.myntassets.com/h_64,q_95,w_48/v1/images/style/properties/d9ca3567f8131ea4e0b92117876be585_images_mini.jpg","125X161":"http://assets.myntassets.com/h_161,q_95,w_125/v1/images/style/properties/d9ca3567f8131ea4e0b92117876be585_images.jpg","125X161Xmini":"http://assets.myntassets.com/h_161,q_95,w_125/v1/images/style/properties/d9ca3567f8131ea4e0b92117876be585_images_mini.jpg"},"imageType":"back"},"left":{"imageURL":"http://assets.myntassets.com/v1/images/style/properties/5867c7a6ad7621b2762115ab93ccd9bc_images.jpg","resolutions":{"1080X1440Xmini":"http://assets.myntassets.com/h_1440,q_95,w_1080/v1/images/style/properties/5867c7a6ad7621b2762115ab93ccd9bc_images_mini.jpg","48X64":"http://assets.myntassets.com/h_64,q_95,w_48/v1/images/style/properties/5867c7a6ad7621b2762115ab93ccd9bc_images.jpg","1080X1440":"http://assets.myntassets.com/h_1440,q_95,w_1080/v1/images/style/properties/5867c7a6ad7621b2762115ab93ccd9bc_images.jpg","150X200":"http://assets.myntassets.com/h_200,q_95,w_150/v1/images/style/properties/5867c7a6ad7621b2762115ab93ccd9bc_images.jpg","360X480":"http://assets.myntassets.com/h_480,q_95,w_360/v1/images/style/properties/5867c7a6ad7621b2762115ab93ccd9bc_images.jpg","180X240":"http://assets.myntassets.com/h_240,q_95,w_180/v1/images/style/properties/5867c7a6ad7621b2762115ab93ccd9bc_images.jpg","360X480Xmini":"http://assets.myntassets.com/h_480,q_95,w_360/v1/images/style/properties/5867c7a6ad7621b2762115ab93ccd9bc_images_mini.jpg","180X240Xmini":"http://assets.myntassets.com/h_240,q_95,w_180/v1/images/style/properties/5867c7a6ad7621b2762115ab93ccd9bc_images_mini.jpg","150X200Xmini":"http://assets.myntassets.com/h_200,q_95,w_150/v1/images/style/properties/5867c7a6ad7621b2762115ab93ccd9bc_images_mini.jpg","48X64Xmini":"http://assets.myntassets.com/h_64,q_95,w_48/v1/images/style/properties/5867c7a6ad7621b2762115ab93ccd9bc_images_mini.jpg","125X161":"http://assets.myntassets.com/h_161,q_95,w_125/v1/images/style/properties/5867c7a6ad7621b2762115ab93ccd9bc_images.jpg","125X161Xmini":"http://assets.myntassets.com/h_161,q_95,w_125/v1/images/style/properties/5867c7a6ad7621b2762115ab93ccd9bc_images_mini.jpg"},"imageType":"left"},"front":{"imageURL":"http://assets.myntassets.com/v1/images/style/properties/f6904ffc44588ac9ffd8d0507cdce2ab_images.jpg","resolutions":{"1080X1440Xmini":"http://assets.myntassets.com/h_1440,q_95,w_1080/v1/images/style/properties/f6904ffc44588ac9ffd8d0507cdce2ab_images_mini.jpg","48X64":"http://assets.myntassets.com/h_64,q_95,w_48/v1/images/style/properties/f6904ffc44588ac9ffd8d0507cdce2ab_images.jpg","1080X1440":"http://assets.myntassets.com/h_1440,q_95,w_1080/v1/images/style/properties/f6904ffc44588ac9ffd8d0507cdce2ab_images.jpg","150X200":"http://assets.myntassets.com/h_200,q_95,w_150/v1/images/style/properties/f6904ffc44588ac9ffd8d0507cdce2ab_images.jpg","360X480":"http://assets.myntassets.com/h_480,q_95,w_360/v1/images/style/properties/f6904ffc44588ac9ffd8d0507cdce2ab_images.jpg","180X240":"http://assets.myntassets.com/h_240,q_95,w_180/v1/images/style/properties/f6904ffc44588ac9ffd8d0507cdce2ab_images.jpg","360X480Xmini":"http://assets.myntassets.com/h_480,q_95,w_360/v1/images/style/properties/f6904ffc44588ac9ffd8d0507cdce2ab_images_mini.jpg","180X240Xmini":"http://assets.myntassets.com/h_240,q_95,w_180/v1/images/style/properties/f6904ffc44588ac9ffd8d0507cdce2ab_images_mini.jpg","150X200Xmini":"http://assets.myntassets.com/h_200,q_95,w_150/v1/images/style/properties/f6904ffc44588ac9ffd8d0507cdce2ab_images_mini.jpg","48X64Xmini":"http://assets.myntassets.com/h_64,q_95,w_48/v1/images/style/properties/f6904ffc44588ac9ffd8d0507cdce2ab_images_mini.jpg","125X161":"http://assets.myntassets.com/h_161,q_95,w_125/v1/images/style/properties/f6904ffc44588ac9ffd8d0507cdce2ab_images.jpg","125X161Xmini":"http://assets.myntassets.com/h_161,q_95,w_125/v1/images/style/properties/f6904ffc44588ac9ffd8d0507cdce2ab_images_mini.jpg"},"imageType":"front"},"right":{"imageURL":"http://assets.myntassets.com/v1/images/style/properties/19b924a8c1d99bbe672f090908c87046_images.jpg","resolutions":{"1080X1440Xmini":"http://assets.myntassets.com/h_1440,q_95,w_1080/v1/images/style/properties/19b924a8c1d99bbe672f090908c87046_images_mini.jpg","48X64":"http://assets.myntassets.com/h_64,q_95,w_48/v1/images/style/properties/19b924a8c1d99bbe672f090908c87046_images.jpg","1080X1440":"http://assets.myntassets.com/h_1440,q_95,w_1080/v1/images/style/properties/19b924a8c1d99bbe672f090908c87046_images.jpg","150X200":"http://assets.myntassets.com/h_200,q_95,w_150/v1/images/style/properties/19b924a8c1d99bbe672f090908c87046_images.jpg","360X480":"http://assets.myntassets.com/h_480,q_95,w_360/v1/images/style/properties/19b924a8c1d99bbe672f090908c87046_images.jpg","180X240":"http://assets.myntassets.com/h_240,q_95,w_180/v1/images/style/properties/19b924a8c1d99bbe672f090908c87046_images.jpg","360X480Xmini":"http://assets.myntassets.com/h_480,q_95,w_360/v1/images/style/properties/19b924a8c1d99bbe672f090908c87046_images_mini.jpg","180X240Xmini":"http://assets.myntassets.com/h_240,q_95,w_180/v1/images/style/properties/19b924a8c1d99bbe672f090908c87046_images_mini.jpg","150X200Xmini":"http://assets.myntassets.com/h_200,q_95,w_150/v1/images/style/properties/19b924a8c1d99bbe672f090908c87046_images_mini.jpg","48X64Xmini":"http://assets.myntassets.com/h_64,q_95,w_48/v1/images/style/properties/19b924a8c1d99bbe672f090908c87046_images_mini.jpg","125X161":"http://assets.myntassets.com/h_161,q_95,w_125/v1/images/style/properties/19b924a8c1d99bbe672f090908c87046_images.jpg","125X161Xmini":"http://assets.myntassets.com/h_161,q_95,w_125/v1/images/style/properties/19b924a8c1d99bbe672f090908c87046_images_mini.jpg"},"imageType":"right"},"top":{"imageURL":"http://assets.myntassets.com/v1/images/style/properties/af04d4e805e8cec7069a9e75bf6d0754_images.jpg","resolutions":{"1080X1440Xmini":"http://assets.myntassets.com/h_1440,q_95,w_1080/v1/images/style/properties/af04d4e805e8cec7069a9e75bf6d0754_images_mini.jpg","48X64":"http://assets.myntassets.com/h_64,q_95,w_48/v1/images/style/properties/af04d4e805e8cec7069a9e75bf6d0754_images.jpg","1080X1440":"http://assets.myntassets.com/h_1440,q_95,w_1080/v1/images/style/properties/af04d4e805e8cec7069a9e75bf6d0754_images.jpg","150X200":"http://assets.myntassets.com/h_200,q_95,w_150/v1/images/style/properties/af04d4e805e8cec7069a9e75bf6d0754_images.jpg","360X480":"http://assets.myntassets.com/h_480,q_95,w_360/v1/images/style/properties/af04d4e805e8cec7069a9e75bf6d0754_images.jpg","180X240":"http://assets.myntassets.com/h_240,q_95,w_180/v1/images/style/properties/af04d4e805e8cec7069a9e75bf6d0754_images.jpg","360X480Xmini":"http://assets.myntassets.com/h_480,q_95,w_360/v1/images/style/properties/af04d4e805e8cec7069a9e75bf6d0754_images_mini.jpg","180X240Xmini":"http://assets.myntassets.com/h_240,q_95,w_180/v1/images/style/properties/af04d4e805e8cec7069a9e75bf6d0754_images_mini.jpg","150X200Xmini":"http://assets.myntassets.com/h_200,q_95,w_150/v1/images/style/properties/af04d4e805e8cec7069a9e75bf6d0754_images_mini.jpg","48X64Xmini":"http://assets.myntassets.com/h_64,q_95,w_48/v1/images/style/properties/af04d4e805e8cec7069a9e75bf6d0754_images_mini.jpg","125X161":"http://assets.myntassets.com/h_161,q_95,w_125/v1/images/style/properties/af04d4e805e8cec7069a9e75bf6d0754_images.jpg","125X161Xmini":"http://assets.myntassets.com/h_161,q_95,w_125/v1/images/style/properties/af04d4e805e8cec7069a9e75bf6d0754_images_mini.jpg"},"imageType":"top"}},"lookGoodAlbum":{},"style360Images":{},"masterCategory":{"id":10,"typeName":"Footwear","active":true,"socialSharingEnabled":true,"isReturnable":true,"isExchangeable":true,"pickupEnabled":true,"isTryAndBuyEnabled":true},"subCategory":{"id":33,"typeName":"Shoes","active":true,"socialSharingEnabled":true,"isReturnable":true,"isExchangeable":true,"pickupEnabled":true,"isTryAndBuyEnabled":true},"articleType":{"id":95,"typeName":"Sports Shoes","active":true,"socialSharingEnabled":true,"isReturnable":true,"isExchangeable":true,"pickupEnabled":true,"isTryAndBuyEnabled":true,"isMyntsEnabled":true,"serviceabilityDisclaimer":{"title":"","desc":""}},"isEMIEnabled":true,"otherFlags":[{"dataType":"BOOLEAN","name":"isFragile","value":"false"},{"dataType":"BOOLEAN","name":"isTryAndBuyEnabled","value":"true"},{"dataType":"BOOLEAN","name":"isHazmat","value":"false"},{"dataType":"BOOLEAN","name":"isJewellery","value":"false"},{"dataType":"BOOLEAN","name":"isReturnable","value":"true"},{"dataType":"BOOLEAN","name":"isExchangeable","value":"true"},{"dataType":"BOOLEAN","name":"active","value":"true"},{"dataType":"BOOLEAN","name":"socialSharingEnabled","value":"true"},{"dataType":"BOOLEAN","name":"pickupEnabled","value":"true"},{"dataType":"BOOLEAN","name":"isLarge","value":"false"},{"dataType":"BOOLEAN","name":"codEnabled","value":"true"}],"articleDisplayAttr":{"id":95,"core":{"order":"0","display":"2","pdtDetail":"2","pdtDeliveryOptions":"2","pdtSimilar":"2","pdtLike":"2"},"social":{"order":"1","display":"2","userLikes":"1","styleNotes":"2","crossSell":"1"},"explore":{"display":"2","crosslink":"1","similar":"1","order":"2"}},"productDescriptors":{"description":{"descriptorType":"description","value":"<p style=\"text-align: justify;\">The reebok Run Sheer is a versatile running shoe that features ample ventilation and offers lightweight comfort, keeping your feet fresh and comfortable all day. Added to this is the DMX Shear system that minimizes stress on impact, making it an all the more comfortable, smooth and flexible ride. Wear them when you want to run or jog or use them as casual wear.<br /><br /><strong>Upper</strong><br />Breathable mesh upper for ample ventilation and reduced irritation<br />Synthetic overlays for added shoe structure, durability and style<br />Lace-up system with synthetic laces for a snug, customized Fit<br />Lushly padded tongue and well-cushioned collar for in-step comfort<br />Mesh tongue for maximum ventilation<br />Brand logo on both sides<br />Brand name on tongue and behind collar<br /><br /><strong>Midsole</strong><br />Injection Moulded EVA midsole for lightweight responsive cushioning and shock absorption<br />Cushioned footbed for all-day comfort<br />Mesh lining for increased ventilation and comfort<br /><br /><strong>Outsole</strong><br />TPR outsole for better shock absorption and durability<br />DMX Shear vertical panels for greater comfort<br />DMX Shear vertical and horizontal heel cushioning to minimize stress on impact<br />Scooped heel for extra cushioning and comfort<br />Diamond shaped grooves on the forefoot for excellent traction<br />Lugs on the periphery of the forefoot and and heel for better grip on all surfaces<br />Flex grooves for ease of movement<br /><br /><strong>Shoe care</strong><br />Wipe surface with soft, clean, dry cloth to remove dust<br />Do not machine wash<br />Do not store in direct sunlight</p>"}},"styleOptions":[{"id":39360,"name":"Size","value":"US7","unifiedSize":"UK6","unifiedSizeValue":"6","unifiedSizeScale":"UK Size","allSize":"UK6,US7,EURO39","skuId":48786,"skuAvailabilityDetailMap":{},"warehouseIdToItemCountMap":{},"inventoryCount":0,"available":false,"active":true},{"id":39361,"name":"Size","value":"US8","unifiedSize":"UK7","unifiedSizeValue":"7","unifiedSizeScale":"UK Size","allSize":"UK7,US8,EURO40.5","skuId":48787,"skuAvailabilityDetailMap":{},"warehouseIdToItemCountMap":{},"inventoryCount":0,"available":false,"active":true},{"id":39362,"name":"Size","value":"US9","unifiedSize":"UK8","unifiedSizeValue":"8","unifiedSizeScale":"UK Size","allSize":"UK8,US9,EURO42","skuId":48788,"skuAvailabilityDetailMap":{},"warehouseIdToItemCountMap":{},"inventoryCount":0,"available":false,"active":true},{"id":39363,"name":"Size","value":"US10","unifiedSize":"UK9","unifiedSizeValue":"9","unifiedSizeScale":"UK Size","allSize":"UK9,US10,EURO43","skuId":48789,"skuAvailabilityDetailMap":{},"warehouseIdToItemCountMap":{},"inventoryCount":0,"available":false,"active":true}]}}